code;nom;client;fournisseur;comptes;compte_client;compte_fournisseur;adresse;ville;nif;rc;ai;etranger;soldes
AC030;DJENNADI ABDELKADER;1;0;41900;41900;;;;;;;0;41900 Clients créditeurs -avances re : -5 126 885,00 DA (créditeur)
AC052;DJENNADI AHCENE;1;0;41900;41900;;;;;;;0;41900 Clients créditeurs -avances re : -6 573 696,34 DA (créditeur)
AC307;SARL DPR COMPANY;1;0;41900;41900;;;;;;;0;41900 Clients créditeurs -avances re : -45 350 000,00 DA (créditeur)
AC371;SARL TRANS SABLE D'OR;1;0;41900;41900;;;;;;;0;41900 Clients créditeurs -avances re : -27 209 903,98 DA (créditeur)
AC374;ETBTCE EGTPHF TPM AZIRI FARID;1;0;41900;41900;;;;;;;0;41900 Clients créditeurs -avances re : -9 965 529,72 DA (créditeur)
AC460;MESSAST ABDELOUHAB;1;0;41900;41900;;;;;;;0;41900 Clients créditeurs -avances re : -21 057 814,70 DA (créditeur)
AC523;SARL DPR COMPANY;1;0;41900,41901;41900;;;;;;;0;41900 Clients créditeurs -avances re : 6 800 000,00 DA (débiteur) | 41901 Clients créditeurs -avances re : -17 290 087,41 DA (créditeur)
AC551;CHABANI MED ALI;1;0;41901;41901;;;;;;;0;41901 Clients créditeurs -avances re : -1 059 100,00 DA (créditeur)
AC552;GALOUL MASSINISSA;1;0;41900;41900;;;;;;;0;41900 Clients créditeurs -avances re : -1 000 000,00 DA (créditeur)
AF026;SARL CENTRE COMMERCIAL IL MATH;0;1;40130;;40130;;;;;;0;40130 FOURNISSEURS DE SERVICES : -1 164 065,57 DA (créditeur)
AF042;SARL DPR COMPANY;0;1;40900;;40900;;;;;;0;40900 Fournisseurs débiteurs : avanc : 6 839 423,67 DA (débiteur)
AF061;SONELGAZ BEJAIA;0;1;40900;;40900;;;;;;0;40900 Fournisseurs débiteurs : avanc : 10 031 496,91 DA (débiteur)
C005;SLIMANI KHALED;1;0;41100;41100;;BOUSSELAM W SETIF;;191191900178197;19/000505295A14;19190115100;0;41100 Clients : 0,00 DA (soldé)
C013;BENLAHBIB MESSAOUD;1;0;41100;41100;;CITE EL MAAMOURAH LAGHOUAT;;180030101433189;03-00/4619923 A04;03010306338;0;41100 Clients : 2 878 500,00 DA (débiteur)
C014;ZIANI AMIR;1;0;41100;41100;;VGE RMILA CNE SIDI AICHE BEJAI;BEJAIA;198506070004638;06/02-0969142A11;06390350892;0;41100 Clients : 0,02 DA (débiteur)
C020;BENSACI TAWFIQ;1;0;41100,41901;41100;;EL MILIA W JIJEL;;182180900465181;18/00-2258398A16;18090317325;0;41100 Clients : -284 000,00 DA (créditeur) | 41901 Clients créditeurs -avances re : -2 716 000,00 DA (créditeur)
C023;SARL MAKIBAT;1;0;41100;41100;;Z-I RUE BOUMEDAOUI NACER BT F1;BEJAIA;0011806018951008;06/00-0189510B18;06014403240;0;41100 Clients : 0,00 DA (soldé)
C026;KERNOUA HOURIA;1;0;41100;41100;;VGE IMEKHLAF CNE EL KSEUR BEJA;;257060200179189;09A095625-01/06;06400134761;0;41100 Clients : 0,00 DA (soldé)
C031;GHEBRIOUA ABDERAZIK;1;0;41100;41100;;QUARTIER DOKS SIDI AICH;BEJAIA;197106070024738;06/00-1006169A19;06390600933;0;41100 Clients : 0,00 DA (soldé)
C038;ZIANI LAKHDAR;1;0;41100;41100;;LOTS AKAL ABERKANE ELKSEUR;BEJAIA;19106390166010200600;23A5818244-00/06;06400285539;0;41100 Clients : 0,00 DA (soldé)
C043;DJENNADI REYAD;1;0;41100;41100;;ARAFOU RN°26 AKBOU BEJAIA;;197806120006344;01A0931527;06251703012;0;41100 Clients : 0,00 DA (soldé)
C054;EURL ASMA CARROSSERIE INDUST;1;0;41100;41100;;Z.INDUSTRIELLE LOCAL 02 MSILA;;000728056295904;07B0562959-28/01;28012502636;0;41100 Clients : 0,01 DA (débiteur)
C072;KERDJA MOURAD;1;0;41100;41100;;;OUED GHIR BEJAIA;197919540175608;02A0933513;06511733107;0;41100 Clients : 2 500 000,00 DA (débiteur)
C087;BENLEFKI ALI;1;0;41100;41100;;BORDJ ZEMOURA;BORDJ BOU ARRERIDJ;170340300760159;35/00-3677310A18;35110903355;0;41100 Clients : 840 001,96 DA (débiteur)
C094;NABET NADIR;1;0;41100;41100;;DEUX FONTAINE CNE DARGUINA;BEJAIA;19610680003156;98A3757190-00/06;06204402862;0;41100 Clients : 4 297 248,42 DA (débiteur)
C1006;HENOUZ NASSIR;1;0;41100;41100;;EL-OURICIA - SETIF;;182191600301188;09A0477842-00/19;19372044021;0;41100 Clients : 0,00 DA (soldé)
C1013;IGOUCIMENE TAKFARINAS;1;0;41100;41100;;VGE EL KALAA CNE TIMEZRIT BEJA;;191063900428137;21A5812602-06/00;06070101227;0;41100 Clients : 0,00 DA (soldé)
C102;SELLAH LYES;1;0;41100;41100;;VGE AKHENAK CNE SEDDOUK BEJAIA;;197906250175912;99A0926602-01/06;06260102651;0;41100 Clients : 0,00 DA (soldé)
C1022;SPA SET SETIF;1;0;41100;41100;;ROUT DES ABATTOIRS BP9 SETIF 1;SETIF 1900;099919008329067;99B0083290 19/00;19011767171;0;41100 Clients : 1 550 327,24 DA (débiteur)
C1024;CONSTRUB-EST;1;0;41100;41100;;DIRECTION REGIONAL DE BEJAIA;;001523036610247;06/03-0366102B15;06014404002;0;41100 Clients : 541 450,00 DA (débiteur)
C1027;MOUZAIA SOFIANE;1;0;41100;41100;;VGE SBIHA SMAOUNE W DE BEJAIA;;188063901416196;06/00-5810988A21;06120058804;0;41100 Clients : 0,00 DA (soldé)
C1029;EURL LOTRAK;1;0;41100;41100;;HAI SEDDIKIA N34 LOCAL02 ORAN;;002031011810285;20B0118102-31/00;31648144034;0;41100 Clients : 0,00 DA (soldé)
C1030;SARL ROYAL MATERIAUX DE CONST;1;0;41100;41100;;IDERAKEN CNE TIMEZRIT BEJAIA;;001406018830850;14B0188308-06/00;06070160192;0;41100 Clients : -832 999,99 DA (créditeur)
C1031;BOUDJOU MALEK;1;0;41100;41100;;VG REMILA CNESIDI AICHE BEJAIA;;181063900173171;08A0954682-06/00;06390351414;0;41100 Clients : 0,00 DA (soldé)
C1034;SARL MERY CARTON;1;0;41100;41100;;ZONE INDUSTRIELLE CNE EL KSEU;EL KSEUR BEJAIA;001506018843190;15B0188431-06/00;06400135283;0;41100 Clients : 0,00 DA (soldé)
C1037;SNC ZADDI ET CIE;1;0;41100;41100;;VGE MAAKEL EL FLAY SIDI AICH;BEJAIA;000706439017538;06/00-0185604B07;06430685041;0;41100 Clients : 0,00 DA (soldé)
C1040;ZIANI BILAL;1;0;41100;41100;;VGE TIGHREMT CNE TIMEZRIT;BEJAIA;19306070018412400600;23A5817940-06/01;06070101149;0;41100 Clients : -700,00 DA (créditeur)
C10402;SARL TAMARZOUY LILKHADAMAT;1;0;41100;41100;;;;;;;0;41100 Clients : 0,00 DA (soldé)
C10403;EURL BRIBRA SERVICES;1;0;41100;41100;;;;;;;0;41100 Clients : 0,00 DA (soldé)
C10404;SARL AUTO CLIC;1;0;41100;41100;;;;;;;0;41100 Clients : 0,00 DA (soldé)
C10405;EURL BAIFOUH TRANSPORT;1;0;41100;41100;;;;;;;0;41100 Clients : 0,00 DA (soldé)
C10406;SARL FRERES TIR IMPORT EXPORTS;1;0;41100;41100;;;;;;;0;41100 Clients : 0,00 DA (soldé)
C10407;DERRI ZAHIR;1;0;41100;41100;;;;;;;0;41100 Clients : 0,00 DA (soldé)
C10408;SNC TRANSPORT MDES YACIA FILS;1;0;41100;41100;;;;;;;0;41100 Clients : 0,00 DA (soldé)
C10409;IKHERBANE DJAMAL;1;0;41100;41100;;;;;;;0;41100 Clients : 0,01 DA (débiteur)
C10410;LAINOUS MOHAMMED;1;0;41100;41100;;;;;;;0;41100 Clients : 0,01 DA (débiteur)
C10411;BEN SACI ZELIKHA;1;0;41100;41100;;;;;;;0;41100 Clients : 0,00 DA (soldé)
C10412;EURL TRANSPORT DE MARCHANDISES;1;0;41100;41100;;;;;;;0;41100 Clients : 0,00 DA (soldé)
C10413;TIGHILET FATAH;1;0;41100;41100;;;;;;;0;41100 Clients : 0,00 DA (soldé)
C10414;SARL MAZAMAS TRANS;1;0;41100;41100;;;;;;;0;41100 Clients : -500 000,00 DA (créditeur)
C10415;SARL TERGOU MATERIAUX DE CONST;1;0;41100;41100;;;;;;;0;41100 Clients : 0,00 DA (soldé)
C10416;ZIDANE HAMZA;1;0;41100;41100;;;;;;;0;41100 Clients : 0,01 DA (débiteur)
C10417;TABOUKOUYOUT SALIM;1;0;41100;41100;;;;;;;0;41100 Clients : 0,00 DA (soldé)
C10418;YOUSFI HAMID;1;0;41100;41100;;;;;;;0;41100 Clients : 0,00 DA (soldé)
C10419;SARL YAYA LOUNIS ET FRERES TRA;1;0;41100;41100;;;;;;;0;41100 Clients : 0,00 DA (soldé)
C10420;BELKESSAM RACHID;1;0;41100;41100;;;;;;;0;41100 Clients : 0,00 DA (soldé)
C10421;IRBAH HAMZA;1;0;41100;41100;;;;;;;0;41100 Clients : 0,00 DA (soldé)
C10422;EURL CHOUHIR SERVICES;1;0;41100;41100;;;;;;;0;41100 Clients : 0,00 DA (soldé)
C10423;SARL GENI MAT;1;0;41100;41100;;;;;;;0;41100 Clients : 0,00 DA (soldé)
C10424;HANIFI SALAH;1;0;41100;41100;;;;;;;0;41100 Clients : 0,00 DA (soldé)
C10425;CHIHI AMAR;1;0;41100;41100;;;;;;;0;41100 Clients : 0,00 DA (soldé)
C10426;SARL ALGERIAN TRUCKS SERVICES;1;0;41100;41100;;;;;;;0;41100 Clients : 0,00 DA (soldé)
C10427;TABOUKOUTOUT SALIM;1;0;41100;41100;;;;;;;0;41100 Clients : 0,00 DA (soldé)
C10428;SARL DEB TRANS (LIV PROD PETRO;1;0;41100;41100;;;;;;;0;41100 Clients : 0,00 DA (soldé)
C10429;GEDDOUCHE ABDELOUAHEB;1;0;41100;41100;;;;;;;0;41100 Clients : 0,00 DA (soldé)
C10430;BENSACI AHCENE;1;0;41100;41100;;;;;;;0;41100 Clients : 0,01 DA (débiteur)
C10431;AMATA SAID;1;0;41100;41100;;;;;;;0;41100 Clients : 0,00 DA (soldé)
C10432;BENHAMMA AIMRANE;1;0;41100;41100;;;;;;;0;41100 Clients : 0,00 DA (soldé)
C10433;EURL-IRYAHENE CONSTRUCTION;1;0;41100;41100;;;;;;;0;41100 Clients : 0,00 DA (soldé)
C10434;MOKNECHE MOURAD;1;0;41100;41100;;;;;;;0;41100 Clients : 1 474 000,00 DA (débiteur)
C10435;BENSAID NABIL;1;0;41100;41100;;;;;;;0;41100 Clients : 0,00 DA (soldé)
C10436;SARL SOLID FRAME STEL;1;0;41100;41100;;;;;;;0;41100 Clients : 0,01 DA (débiteur)
C10437;TOUIL RABAH;1;0;41100;41100;;;;;;;0;41100 Clients : 0,00 DA (soldé)
C10438;EURL STATION DE CARBURANTS EL;1;0;41100;41100;;;;;;;0;41100 Clients : 0,01 DA (débiteur)
C10439;DEBA ALI;1;0;41100;41100;;;;;;;0;41100 Clients : 0,02 DA (débiteur)
C1044;SARL MBC;1;0;41901;41901;;CITE SEKRA CNE ROUISSAT;OUARGLA;000630012392832;30/00-0123928B06;30050354675;0;41901 Clients créditeurs -avances re : -12 200 000,00 DA (créditeur)
C10440;MOKNECHE BADIA (POUR COMPTE) -;1;0;41100;41100;;;;;;;0;41100 Clients : -1 474 000,00 DA (créditeur)
C10441;D'ETUDE TECH DE SETI;1;0;41100;41100;;;;;;;0;41100 Clients : -1 475 923,68 DA (créditeur)
C10442;EURL GUESSOUM SERV ENTR GEN;1;0;41100;41100;;;;;;;0;41100 Clients : 0,00 DA (soldé)
C10443;DJOUDI NASER EDDINE;1;0;41100;41100;;;;;;;0;41100 Clients : 0,00 DA (soldé)
C10444;SARL DJILLALI BOUNAAMA DE BRIQ;1;0;41100;41100;;;;;;;0;41100 Clients : 0,01 DA (débiteur)
C10445;CHIBOUB LOUARDI;1;0;41100;41100;;;;;;;0;41100 Clients : 0,00 DA (soldé)
C10446;MOUSSAOUI RYAD;1;0;41100;41100;;;;;;;0;41100 Clients : 0,00 DA (soldé)
C10447;SARL FRERES KOUACHI EL FENNEC;1;0;41100;41100;;;;;;;0;41100 Clients : 0,00 DA (soldé)
C10448;BENHADDAD ABDELGHANI;1;0;41100;41100;;;;;;;0;41100 Clients : 0,00 DA (soldé)
C10449;SOLID FRAME STEEL SF;1;0;41100;41100;;;;;;;0;41100 Clients : -9 720 000,00 DA (créditeur)
C1045;BOUAICHI HANAFI;1;0;41100;41100;;VGE AKABIOU CNE TIMEZRIT;BEJAIA;176060700357175;98A0915901-06/00;06070413453;0;41100 Clients : 0,00 DA (soldé)
C10450;GHEDDOUCHE ABDELOUHEB;1;0;41100;41100;;;;;;;0;41100 Clients : 520 000,00 DA (débiteur)
C10451;HAMRI ABDELLAH;1;0;41100;41100;;;;;;;0;41100 Clients : 1 500 000,00 DA (débiteur)
C10452;CHEBIRA ALI;1;0;41100;41100;;;;;;;0;41100 Clients : 0,00 DA (soldé)
C10453;TERKI SEDDIK;1;0;41100;41100;;;;;;;0;41100 Clients : 0,01 DA (débiteur)
C10454;CHAKER LOUCHENE;1;0;41100;41100;;;;;;;0;41100 Clients : 0,00 DA (soldé)
C10455;MESSOUCI MASSINISSA;1;0;41100;41100;;;;;;;0;41100 Clients : 0,00 DA (soldé)
C10456;BOUHAMMA DJAMEL EDDINE;1;0;41100;41100;;;;;;;0;41100 Clients : 1 000 000,01 DA (débiteur)
C10457;SALAH MERIMECHE;1;0;41100;41100;;;;;;;0;41100 Clients : 1 500 000,00 DA (débiteur)
C10458;SNC ASSAGHA MOULOUD CHEBIRA ET;1;0;41100;41100;;;;;;;0;41100 Clients : 0,01 DA (débiteur)
C10459;HAMIDOUCHE MAWLOUD;1;0;41100;41100;;;;;;;0;41100 Clients : 0,00 DA (soldé)
C1046;CHABANI MOHAMMED ALI ???;1;0;41100;41100;;;;;;;0;41100 Clients : 1 059 100,00 DA (débiteur)
C10460;HAMRI ABDALLAH;1;0;41100;41100;;;;;;;0;41100 Clients : -1 500 000,00 DA (créditeur)
C10461;LOUCHENE CHAKER;1;0;41100;41100;;;;;;;0;41100 Clients : 0,00 DA (soldé)
C10462;BOUAZIZ ARAFET;1;0;41100;41100;;;;;;;0;41100 Clients : 0,00 DA (soldé)
C10463;BOUHAMA DJAMEL EDDINE;1;0;41100;41100;;;;;;;0;41100 Clients : -1 000 000,00 DA (créditeur)
C10464;SACI YACINE;1;0;41100;41100;;;;;;;0;41100 Clients : 0,00 DA (soldé)
C10465;SARL ESSAFA K F;1;0;41100;41100;;;;;;;0;41100 Clients : 0,00 DA (soldé)
C10466;SARL AMILEX;1;0;41100;41100;;;;;;;0;41100 Clients : 0,00 DA (soldé)
C10467;MERIMECHE SALAH;1;0;41100;41100;;;;;;;0;41100 Clients : -1 500 000,00 DA (créditeur)
C10468;KRAIMIA FAROUK B ABDALLAH;1;0;41100;41100;;;;;;;0;41100 Clients : -300 000,00 DA (créditeur)
C10469;BOUTAGLIANE NABIL AKABIOU;1;0;41100;41100;;;;;;;0;41100 Clients : -500 000,00 DA (créditeur)
C1047;BOUHADOUZ LOUNIS;1;0;41100;41100;;VGE TIZI IGHIL OUAZOUG;BEJAIA;18806010013511800600;11A0968125-06/00;06019404529;0;41100 Clients : 0,00 DA (soldé)
C10470;SAADAOUI HADJ;1;0;41100;41100;;;;;;;0;41100 Clients : -850 000,00 DA (créditeur)
C1049;IAMRACHE AHMED;1;0;41100;41100;;CITE 510 LOGTS BT 25 N°313;KRIM BELKACEM TIZI OUZOU;167150800361137;00A0228616-15/00;15017960231;0;41100 Clients : 0,00 DA (soldé)
C1054;BOUAMAR BILLAL;1;0;41100;41100;;LOT AKAL ABERKANE CNE EL KSEUR;BEJAIA;18706390242315600600;24A5821662-06/00;06400343612;0;41100 Clients : 0,00 DA (soldé)
C1059;BENAISSA MOHAMED;1;0;41100;41100;;CITE IGHIL OUAZOUG;W DE BEJAIA;181060103354178;11A0972015-00/06;06018507051;0;41100 Clients : 0,01 DA (débiteur)
C1067;ZIANI ABD-NASSER;1;0;41100;41100;;VGE TIGHREMTE CNE TIMZERIT;W DE BEJAIA;186060700380109;18A1002646-00/06;06071713055;0;41100 Clients : -335 104,00 DA (créditeur)
C1068;SARL DEBOUZ DTLPP;1;0;41100;41100;;LIEU DIT AGHDIR VGE IRAYAHEN;TALAHAMZA W DE BEJAIA;000406018450629;04B0184506-00/06;06330330082;0;41100 Clients : 0,01 DA (débiteur)
C1069;ZIANI M'HAMED;1;0;41100;41100;;VGE AKABIOU CNE TIMEZRIT;BEJAIA;181060700448181;22A5815016-00/06;06070172111;0;41100 Clients : 0,00 DA (soldé)
C1071;TRAD BOUBAKER;1;0;41100;41100;;CITE SIDI MESTOUR;EL OUED;189390103167476;16A2751362-00/39;39011004899;0;41100 Clients : 0,01 DA (débiteur)
C1076;TITEM ABDELKARIM;1;0;41100;41100;;VGE TIZI NEDJABER CNE;BENI DJELIL BEJAIA;184062502382103;09A0959634-00/06;06230268152;0;41100 Clients : 0,00 DA (soldé)
C1078;SARL H EL SAADI;1;0;41100;41100;;RUE 1ER NOVEMBRE CNE EL MILIA;JIJEL;002118044396192;21B0443961-00/18;18091317525;0;41100 Clients : 0,02 DA (débiteur)
C1083;SOUIKI FARID;1;0;41100;41100;;CNE SIDI MAAROUF;JIJEL;18418090356011201800;24A2278155-00/18;18100253730;0;41100 Clients : 0,00 DA (soldé)
C1086;ABED AHMED;1;0;41100;41100;;14 RUE MENAOUER BEN AMAR;ORAN;174310107288118;02A0541394-00/31;31604132043;0;41100 Clients : -3 960 000,00 DA (créditeur)
C1089;BENSSACI ADEL;1;0;41100;41100;;OULED ADDAR EL MILIA;JIJEL;177180900565104;22A2273555-00/18;18090288330;0;41100 Clients : 0,00 DA (soldé)
C1090;SARL GROUPE ELYA§§§;1;0;41100;41100;;;ANNABA;00223036721986;02B0367219-00/23;23010182011;0;41100 Clients : -2 000 000,00 DA (créditeur)
C1092;GUERNOUB RIDHA;1;0;41100;41100;;TABHIRET EL MILIA;JIJEL;192180904312179;22A2273293-00/18;18090325465;0;41100 Clients : 0,00 DA (soldé)
C1095;GALOUL MASSINISSA;1;0;41100;41100;;VGE IGHIL OUTOUAF TIMEZRIT;BEJAIA;185063901847183;18A1001291;06070101160;0;41100 Clients : 1 000 000,00 DA (débiteur)
C1097;SNC TRANS TALWITH AIT ALI;1;0;41100;41100;;ABAINOU CNE TIMEZRIT;BEJAIA;002306019130699;23B0191306-00/06;06070472046;0;41100 Clients : 0,00 DA (soldé)
C1099;GUERNOUB AZIZ;1;0;41100;41100;;OUED ADDER CNE EL MILIA;JIJEL;191180103140128;21A2270158-00/18;18090324065;0;41100 Clients : 0,00 DA (soldé)
C1100;SARL RAYANOX;1;0;41100;41100;;75RUE CAPITAINE HAMRI W ORAN;;001131011239513;11B0112395-31/00;31647500115;0;41100 Clients : 456 000,00 DA (débiteur)
C1105;LEGHRIB MOHAMMED;1;0;41100;41100;;LOT ZAHER CNE EL MILIA;JIJEL;18718090134211301800;24A2278429-00/18;18091307836;0;41100 Clients : 0,00 DA (soldé)
C1108;EURL HOCINE MADJE EL ISTITMARE;1;0;41100;41100;;OUED ADDER LOCAL N°01 EL MILIA;JIJEL;002418044422343;24B0444223-00/18;18090328220;0;41100 Clients : 0,00 DA (soldé)
C1109;EURL BATI ELSAHRAA;1;0;41100;41100;;Z.U CITE GHRASSA CL 60GP 456;LOCAL 02 BECHAR;001708094318077;17B0943180-00/08;08018108732;0;41100 Clients : -2 000 000,00 DA (créditeur)
C1110;CHERITI HOCINE;1;0;41100;41100;;OULED MARGHEM CNE AMOUCHA;SETIF;177192700456159;15A0511516-00/19;19270739249;0;41100 Clients : 0,00 DA (soldé)
C1115;COSIDER OUVRAGES D'ART SPA;1;0;41100;41100;;AIN OUSSERA;;000516097048217;05B097482-00/16;16151598041;0;41100 Clients : 30 980,36 DA (débiteur)
C1125;EPE FERROVIAL SPA;1;0;41100;41100;;ROUTE D'EL HADJAR EL BOUNI;ANNABA;099923036261046;99B0362610-00/23;23057604011;0;41100 Clients : 0,00 DA (soldé)
C1129;BENAMARA CHERIF;1;0;41100;41100;;DAR DJBEL CNE BEJAIA;BEJAIA;176193001279172;10A0966601-00/06;06017740162;0;41100 Clients : 0,01 DA (débiteur)
C1140;DERRAS FOUAD;1;0;41100;41100;;CNE BELAIBA;MSILA;180054200982172;11A2856024-00/28;28150882388;0;41100 Clients : 0,00 DA (soldé)
C1141;BOUSSEFRES YASSINE;1;0;41100;41100;;CNE AMOUCHA;SETIF;178192700962101;00A0437943-00/19;19273141051;0;41100 Clients : 0,00 DA (soldé)
C1147;IHADJAREN SMAIL;1;0;41100;41100;;CITE AADJROUD CNE AMIZOUR;BEJAIA;17906010137012600600;24A5822391-00/06;06020054605;0;41100 Clients : 0,01 DA (débiteur)
C115;SARL LAITERIE SOUMMAM;1;0;41100;41100;;R N 26 TAHRACHT AKBOU BEJAIA;;099706250033923;97/B/182039;06251722061;0;41100 Clients : 291 550,00 DA (débiteur)
C1154;MEDJMADJ BRAHIM;1;0;41100;41100;;CNE AMOUCHA;SETIF;184190201499104;06A0463026-00/19;19277120011;0;41100 Clients : 0,01 DA (débiteur)
C1157;AICHE MUSTAPHA;1;0;41100;41100;;OULED ZEMIRA CNE BELAIBA;M'SILA;18028110048311102800;01A2827614-00/28;28150862091;0;41100 Clients : 0,00 DA (soldé)
C1162;RAHAL NOURREDINE;1;0;41901;41901;;LOT 06 GR B ZAC-ANI TAGHROUT;BORDJ BOUARRERIDJ;16234100009616503405;99A2320034-05/34;34080141710;0;41901 Clients créditeurs -avances re : -36 555,00 DA (créditeur)
C1164;ZOUAOUI SALAH;1;0;41100;41100;;LDT ABAINOU TIMEZRIT;BEJAIA;17206070037119200600;25A5825516-00/06;06070484721;0;41100 Clients : 0,00 DA (soldé)
C1165;LAMOURI LAID;1;0;41100;41100;;CITE EL SALEM SEC 24 GP 43;BECHAR;155450101290196;15A4732517-00/08;08010415325;0;41100 Clients : 0,00 DA (soldé)
C1166;AID NADJIB;1;0;41100;41100;;CNE KHERRATA;BEJAIA;18206440039310100600;08A0955834-00/06;06440017543;0;41100 Clients : 1 600 000,00 DA (débiteur)
C1167;SARL AMITALMOK;1;0;41100;41100;;LOCAL 02 LOTS 388 CL 23 GR 254;BORDJ BOUARRERIDJ;00173404655730334001;17B0465573-01/34;34010787763;0;41100 Clients : 0,00 DA (soldé)
C1168;SNC SIDI AICH PNEUS KAFIZ &CIE;1;0;41100;41100;;LDT TISSERFINE CNE EL FLAY;BEJAIA;00230601913291406001;23B0191329-01/06;06430685023;0;41100 Clients : 0,00 DA (soldé)
C1170;SARL STATION OUATAH;1;0;41100;41100;;DOMAINE AMIROUCHE LIEU DI LOTA;ISSAGHOUREN CNE SEMAOUNE;001006129031061;10B0186803-00/06;06120796104;0;41100 Clients : 0,00 DA (soldé)
C1171;EURL LOGISTIQUE TRANSPORT;1;0;41100;41100;;RUE MUSTAPHA ALI KHODJA N°25;CNE HASSI BEN OKBA ORAN;002431112548907;24B1125489-00/31;31198518981;0;41100 Clients : -5 000 000,00 DA (créditeur)
C1178;SARL MONDIAL MULTI SERVICES;1;0;41100;41100;;CITE BAMENDIL OUARGLA;OUARGLA;001730012558145;17B0125581-00/30;30010144996;0;41100 Clients : 0,00 DA (soldé)
C1183;TILKOUT AHCENE;1;0;41100;41100;;ZONE INDUSTRIEL EL KSEUR;BEJAIA;1890639019081146;22A5813783-00/06;06400135317;0;41100 Clients : 0,00 DA (soldé)
C1186;REDJIMI EPSE SLAMNA;1;0;41901;41901;;;;;;;0;41901 Clients créditeurs -avances re : -619 200,00 DA (créditeur)
C121;SARL HAMOUDI TRANS;1;0;41100;41100;;VGE TAKHRIBT BP 445 CEDEX 13;BEJAIA;000506010582848;05 B 0184951;06017801502;0;41100 Clients : 0,00 DA (soldé)
C128;SARL FRERES REBAHI;1;0;41100,41901;41100;;ZAC SOUK EL-TENNINE BEJAIA;;000306018424788;03B0184247.00/06;06080102391;0;41100 Clients : 1 000 000,00 DA (débiteur) | 41901 Clients créditeurs -avances re : -1 000 000,00 DA (créditeur)
C166;BARKA KHALED;1;0;41100;41100;;;;;;;0;41100 Clients : 1 901 283,59 DA (débiteur)
C194;MAHMOUDI ABDELHAKIM;1;0;41100;41100;;;;;;;0;41100 Clients : 0,00 DA (soldé)
C243;DJENNADI NAGUIB;1;0;41100;41100;;VGE TIZI SMAOUNE BEJAIA;;197806120012738;00A0930435;06120804405;0;41100 Clients : 1 347 009,56 DA (débiteur)
C254;DJOUDI SMAIL;1;0;41100;41100;;SEROUAL OUED GHIR;BEJAIA;198419300092031;11A0972895-06/00;06510741141;0;41100 Clients : 0,00 DA (soldé)
C288;SACI MOUSSA;1;0;41100;41100;;VGE REKADA FENAIA;BEJAIA;198606010548136;17A0997778;06180740845;0;41100 Clients : 0,00 DA (soldé)
C291;BOUAMAR AZEDDINE;1;0;41100;41100;;CITE IMADALOU SIDI AICHE BEJAI;;197906390079119;11A0970073-06/00;06390600280;0;41100 Clients : 0,00 DA (soldé)
C346;MADI ALLAOUA;1;0;41100;41100;;VGE IGHIL OUAZZOUG BEJAIA;BEJAIA;196306480000717;98A0916964-06/00;06017504132;0;41100 Clients : 0,00 DA (soldé)
C365;DJAHED KARIM;1;0;41100;41100;;IFREN CNE AKBOU BEJAIA;BEJAIA;198306250309042;11A0967357-06/00;06258004020;0;41100 Clients : 0,00 DA (soldé)
C367;EURL TRANSPORT FLY;1;0;41100;41100;;CNE EL-FLAY BEJAIA;;000606018534002;06B0185340-06/00;06430681759;0;41100 Clients : 0,00 DA (soldé)
C375;SARL LAOUINI ET FILS;1;0;41100;41100;;CITE CHOUHADA;EL OUED;000239010753845;02 B 0542557/01-39;39010105061;0;41100 Clients : 0,00 DA (soldé)
C386;BENSACI MAKHLOUF;1;0;41100;41100;;CITE LEMRIDJA EL MILIA JIJEL;;198118090053039;07 A 2235400;18091298385;0;41100 Clients : 0,00 DA (soldé)
C421;HAMADOU SLIMANE;1;0;41100;41100;;VGE SEDDOUK CENTRE;BEJAIA;197719460000140;11 A 0971920-00/06;06260541107;0;41100 Clients : 0,00 DA (soldé)
C464;IDIR KAMEL;1;0;41100;41100;;VGE IBOURASSENE OUED-GHIR;BEJAIA;198306510004244;11 A 0971072-00/06;06510440003;0;41100 Clients : 0,00 DA (soldé)
C467;ETBTCE EGTPHF TPM AZIRI FARID;1;0;41100;41100;;SIDI HADJ HASSAINE CHEMINI;BEJAIA;197806290013140;03 A 0935226/01;06290232541;0;41100 Clients : 5 000 000,00 DA (débiteur)
C521;HAMOUMOU ABDELAH;1;0;41100;41100;;VGE IBOURASSEN OUED GHIR;BEJAIA;198306010015153;07 A 0948792;06510447002;0;41100 Clients : 0,00 DA (soldé)
C525;SASSANE RAMDANE;1;0;41100;41100;;IHADADDEN OUFELA BEJAIA;BEJAIA;17319190130716400601;08A0953277-01/06;06017304522;0;41100 Clients : 0,00 DA (soldé)
C546;YAKOUBI MEZIANE;1;0;41100;41100;;VGE IMZIZOU CNE DE FREHA;TIZI OUZOU;197515040103943;07A0261479;15040102665;0;41100 Clients : 0,00 DA (soldé)
C550;SARL DPR COMPANY;1;0;41100,41901;41100;;VGE TIZI SEMAOUNE BEJAIA;;000306018423274;03B0184232;06120024511;0;41100 Clients : -6 980 000,00 DA (créditeur) | 41901 Clients créditeurs -avances re : -19 080 599,98 DA (créditeur)
C594;ALOUI ABAS;1;0;41100;41100;;VGE TIZI CNE SEMAOUNE BEJAIA;;197706120011642;99 A 0923381-06/02;06120804564;0;41100 Clients : 0,00 DA (soldé)
C601;AMATA FAHIMA;1;0;41100;41100;;OUED ADDER EL MELIA W DE JIJEL;;297618090187219;10 A 2241261-00/18;18090305505;0;41100 Clients : 0,00 DA (soldé)
C602;BENSACI MESSAOUD;1;0;41100;41100;;OUED ADDER EL MILIA W JIJEL;;197218090025632;00 A 2222078;18090287835;0;41100 Clients : 0,01 DA (débiteur)
C618;SNC BANAMANE ABDELMOULA ET CIE;1;0;41100;41100;;CITE 200 LOGTS EKTE EL MILIA;JIJEL;000818090000464;08 B 0442879-00/18;18091299040;0;41100 Clients : 0,00 DA (soldé)
C638;DAGGA TAHA;1;0;41100;41100;;CITE BOUZID BENI THOUR;OUARGLA;197739110081424;08 A 0632931-00/30;30010232132;0;41100 Clients : 0,00 DA (soldé)
C652;ETB -TCE EGTPH SNOUCI ATHMANE;1;0;41100;41100;;CENTRE D'AFFAIRE BIG N°88;BEJAIA;179060600034175;12A0977162-00/06;06017410043;0;41100 Clients : -1 500 001,39 DA (créditeur)
C673;SELLAH FARID;1;0;41100;41100;;VGE AKHENNAK SEDDOUK BEJAIA;;198506250019727;06/00 0959963A09;06260103013;0;41100 Clients : 0,00 DA (soldé)
C680;SARL DPR COMPANY TPM;1;0;41100;41100;;VGE TISSA CNE SMAOUNE BEJAIA;;000306018423274;03B0184232 01/06;06120024511;0;41100 Clients : -2 400 000,00 DA (créditeur)
C709;AFIA RAZIK;1;0;41100;41100;;VGE TASGA TIMEZRIT BEJAIA;;198606070013832;06/00 0962793 A 10;06070100207;0;41100 Clients : -749 999,99 DA (créditeur)
C739;SAIDOUNE YACINE;1;0;41100;41100;;VGE AFIR BOUDJIMA TIGZIRT;TIZI OUZOU;197915010149627;15/00 0287765765A11;15550722001;0;41100 Clients : 0,00 DA (soldé)
C757;EURL LTNC HADDI;1;0;41100;41100;;LOTISSEMENT ZAIDI EL KSEUR;BEJAIA;197706250248328;06/00 0189385;06400539521;0;41100 Clients : 0,00 DA (soldé)
C758;IZEBATENE ALI;1;0;41100;41100;;VGE IBOURACENE OUED GHIR;BEJAIA;198406510001736;06/00 0959109 A 09;06510413010;0;41100 Clients : 0,00 DA (soldé)
C777;SNC AKABIOU BENMAMAR FRERES;1;0;41100;41100;;TIMEZRIT BEJAIA;;0007060079008543;07B0185449;06070383815;0;41100 Clients : 0,00 DA (soldé)
C784;SELLAH ACHOUR;1;0;41100;41100;;AKHENAK CNE SEDDOUK BEJAIA;;159062600057452;06/01 0934224A02;06260109753;0;41100 Clients : 0,00 DA (soldé)
C785;OUNNOUGHI FERHAT;1;0;41100;41100;;AKABIOU CNE TIMEZRIT BEJAIA;;198906390230720;06/01 977269A12;06070393821;0;41100 Clients : 0,00 DA (soldé)
C789;SARL ECSB CENTRE COMMERCIAL;1;0;41100;41100;;CENTRE COMMERCIAL EL-KSEUR;BEJAIA;001206018742473;06/00 0187424B12;06400014899;0;41100 Clients : 2 674 763,00 DA (débiteur)
C793;DJENNADI SAADI;1;0;41100;41100;;CNE AMIZOUR BEJAIA;;196006029002146;01A0930987;06020118351;0;41100 Clients : 0,00 DA (soldé)
C860;SARL OXI LOG;1;0;41100;41100;;CITE 120 LOGTS SIDI ALI LEBHAR;BEJAIA;001706019015351;06/00-0189288B17;06018206922;0;41100 Clients : 0,00 DA (soldé)
C901;AIT HELLAL YANIS;1;0;41100;41100;;VILLAGE BIZIOU;BEJAIA;199406250292813;20A1008811 06/00;06160310388;0;41100 Clients : 0,00 DA (soldé)
C917;CHINA COMMUNICATION COMPANY;1;0;41100;41100;;IGHZER AZARIF OUED GHIR;BEJAIA;001406019003653;1000 00000040563;00071803;0;41100 Clients : 0,00 DA (soldé)
C926;ETPB-TCE DJERMOULI MOULOUD;1;0;41100;41100;;RN Fbg DE LA GARE AKBOU;BEJAIA;195406050321643;99A0921524-01/06;06251099050;0;41100 Clients : 539 976,01 DA (débiteur)
C959;MOHELLEBI MOHAMED;1;0;41100;41100;;AZAZGA;TIZI OUZOU;171151800624149;15/01 0253982A06;15181300427;0;41100 Clients : 0,00 DA (soldé)
C975;ONAB BEJAIA;1;0;41100;41100;;;;;;;0;41100 Clients : 9 747,00 DA (débiteur)
C977;MADI AHMED;1;0;41100;41100;;VGE IGHIL OUAZOUG;BEJAIA;796606130004141;98A0919808-06/00;06017503042;0;41100 Clients : 0,00 DA (soldé)
C980;HAMDOUNI SALEM;1;0;41100;41100;;CITE HAMDOUNI SEDDOUK;BEJAIA;197506260002443;06/00-0966446A10;06260084117;0;41100 Clients : 0,00 DA (soldé)
C983;AZZOUG ALI;1;0;41100;41100;;MELLALA OUED GHIR W BEJAIA;;195819540001142;06/00-0923804A99;06510710020;0;41100 Clients : 0,00 DA (soldé)
C986;AIS ABDELYACINE;1;0;41100;41100;;LOT COMMUNAL NX 01 AMIZOUR;W BEJAIA;197906200004639;06/00-0967178A10;06020093942;0;41100 Clients : 116 850,00 DA (débiteur)
C989;DJENADI NACER EDDINE;1;0;41100;41100;;SIDI AHMED;W BEJAIA;199406390143523;06/00/1003973A19;06015801056;0;41100 Clients : 476 000,00 DA (débiteur)
C992;KADIM HAKIM;1;0;41100;41100;;AMALOU W BEJAIA;;19006250082414100000;06/01-0979070 A12;06160014759;0;41100 Clients : 0,00 DA (soldé)
C994;SELLAH KHOUDIR;1;0;41100;41100;;VGE AKHNAK CNE SEDOUK BEJAIA;;197606260034630;06/00-0962405A10;06260103051;0;41100 Clients : 0,00 DA (soldé)
CB00;BELHADI HALIM;1;0;41100;41100;;;;;;;0;41100 Clients : 64 000,00 DA (débiteur)
CB005;IZRARENE LOUNIS;1;0;41100;41100;;VGE AIT HAYANI CHELLATA;AKBOU;198506250139036;12A0979124 00/06;06253003115;0;41100 Clients : 350 000,00 DA (débiteur)
CB006;ZERGUINI ALLAOUA;1;0;41100;41100;;VGE LOTTA CNE DERGUINA BEJAIA;;197906200038629;09A0956282 00/06;06204001692;0;41100 Clients : 340 814,56 DA (débiteur)
CB008;NABET NADIR;1;0;41100;41100;;DEUX FONTAINE DARGUINA;BEJAIA;196106080003156;98 A 0917573-00/06;06204402862;0;41100 Clients : 2 371 840,01 DA (débiteur)
CB012;CRCC 2000 LGTS OUED GHIR;1;0;41100;41100;;ROUTE DE AMARA CHERAGA;ALGER;314020000021705;10000000001302(4-4);00035106;0;41100 Clients : 120 637,44 DA (débiteur)
CB013;AMEZA SALIM;1;0;41100;41100;;VGE TAKLIAAT IHADDADEN;BEJAIA;198406010288133;08A0956190-00/06;06007704382;0;41100 Clients : 0,01 DA (débiteur)
CB016;BOUANANI AMAR;1;0;41100;41100;;BOUADNI CNE SMAOUNE;BEJAIA;196206120003551;04A0939990-00/06;06017902119;0;41100 Clients : 8 092 984,01 DA (débiteur)
CB017;SPA HYDRO-TECHNIQUE;1;0;41100;41100;;KOUBA ALGER;;0099916000930512;99B009305;16420120816;0;41100 Clients : 19 920,60 DA (débiteur)
CB023;BEKTACHE SAOU;1;0;41100;41100;;CRNA CNE OUED GHIR BEJAIA;;196906510026628;97A0911042-00/06;06511667025;0;41100 Clients : 490 178,00 DA (débiteur)
CB024;SARL AKSIL CONSTRUCTION;1;0;41100;41100;;AZAGHAR CNE AKBOU;;001506250024167;15B0188634-00/06;06252202502;0;41100 Clients : 22 448,01 DA (débiteur)
CB034;SARL VMS INDUSTRIE;1;0;41100;41100;;VGE HELLOUANE CNE OUZELLAGUEN;BEJAIA;001406018821132;14B0188211-00/06;06360210008;0;41100 Clients : 36 028,00 DA (débiteur)
CB036;SARL EGTC;1;0;41100;41100;;RESIDENCE DES PALMIERS BEJAIA;;001206018757810;12 B 0187578-00/06;06013907022;0;41100 Clients : 1 375 243,96 DA (débiteur)
CB037;BARKA KHALED;1;0;41100;41100;;VGE DJERMOUNA KHERRETTA;BEJAIA;166064400362172;99A0924701-00/06;06440808962;0;41100 Clients : 3 106 964,91 DA (débiteur)
CB038;ETBTCE DJAMA BOUBKEUR;1;0;41100;41100;;RUE DES FRERES BOUAOUDIA BEJAI;BEJAIA;153064800001145;97A0910670-01/06;06012503644;0;41100 Clients : 0,00 DA (soldé)
CB041;SARL BTR METRIBAT;1;0;41100;41100;;VGE IGUER GUENDOUZE FERRAOUN;BEJAIA;001406018823446;14B0188234-00/06;06030090387;0;41100 Clients : 415 632,00 DA (débiteur)
CB042;SARL YALCINLAR;1;0;41100;41100;;3200 LOGEMENTS LOCATION VENTE;BEJAIA;001816101293705;18B1012937-00/16;16550605931;0;41100 Clients : 0,00 DA (soldé)
CB047;SNC EBTPH KESSAI ET CIE;1;0;41100;41100;;VGE HOURA CNE BOUZEGUANE;TIZI OUZOU;00515004590676;05B0045906-00/15;1534202012;0;41100 Clients : 1 039 536,06 DA (débiteur)
CB049;HADDAD MAKHLOUF;1;0;41100;41100;;CITE MEKCHATEN SEDDOUK BEJAIA;;198006010434737;10A0962299-00/06;06260090357;0;41100 Clients : 0,01 DA (débiteur)
CB062;BRIKH NASSIM;1;0;41100;41100;;VGE TIGHILT SMAOUNE BEJAIA;;198706390030038;14A0988397-00/06;06120021301;0;41100 Clients : 433 300,90 DA (débiteur)
CB081;KERDJA MOURAD;1;0;41100;41100;;EL MERDJ 2 TAZEBOUJT W BEJAIA;;197919540175608;02A0933513-01/06;06511733107;0;41100 Clients : -1 199 999,99 DA (créditeur)
CB082;MENAA BOUZID;1;0;41100;41100;;VGE SNADLA DRAA EL-KAID BEJAIA;;178064501698106;05A0941093-00/06;06450026046;0;41100 Clients : 540 000,00 DA (débiteur)
CB092;AZZOUG MEZIANE;1;0;41100;41100;;007 RUE RABAH OUARET W BEJAIA;;197706010431343;06A0947697-00/06;06010719650;0;41100 Clients : 405 482,00 DA (débiteur)
CB099;MASSIOUN HAMZA;1;0;41100;41100;;VGE AMSIOUANE CNE TIMEZRIT;BEJAIA;183060700139166;04A0940573-00/06;06070621001;0;41100 Clients : -1 633 000,00 DA (créditeur)
CB109;SARL TPS MAAKNI;1;0;41100;41100;;ZONE INDUSTRIELLE RUE GHARDAIA;;001330012480183;13B0124801-00/30;30010139950;0;41100 Clients : 0,00 DA (soldé)
CB122;MOKRANI LYDIA;1;0;41100;41100;;RUE 2 MARTYRES BOUDERUESE;OUED GHIR BEJAIA;299206010298619;18A1000800-00/06;06511479081;0;41100 Clients : -59 200,00 DA (créditeur)
CB126;COSIDER TP PROJET T 131;1;0;41100;41100;;HALLOUANE OUZELLAGUENE;BEJAIA;099916000936842;99B0009368-00/16;06360038285;0;41100 Clients : 41 759,86 DA (débiteur)
CB129;LANSEUR KHOUDIR;1;0;41100;41100;;VGE BOUADNI CNE SMAOUN;BEJAIA;197406120058336;07A0951663-00/06;06120170512;0;41100 Clients : 201 372,37 DA (débiteur)
CB132;ETB-TCE MERIDJA SALIM;1;0;41100;41100;;32 LOGTS N°19 SMINA CNE BEJAIA;BEJAIA;198806010310248;20A1009471-00/06;06017212012;0;41100 Clients : 847 800,00 DA (débiteur)
CB141;ICHALLAL HACHEMI ETB-TCE;1;0;41100;41100;;VGE IGHREN HARATH;SIDI AYA;197506210005347;06A0947229-00/06;06210436961;0;41100 Clients : 182 677,01 DA (débiteur)
CB146;BESTANI HAMZA ENTREPRISE TRAV;1;0;41100;41100;;VILLAGE OUED GHIR WILAYA BEJAI;;180060101465173;10A0964815-00/06;06511527006;0;41100 Clients : 4 289 038,01 DA (débiteur)
CB155;MENASRI HOCINE;1;0;41100;41100;;198506010002744;;198506010002744;07A0951114;06014505329;0;41100 Clients : 619 520,00 DA (débiteur)
CB160;KERDJA MOURAD COMMERCE DE GROS;1;0;41100;41100;;VGE IBACHIREN OUED GHIR;;197919540175608;02A0933513-04/06;06511733107;0;41100 Clients : -300 000,01 DA (créditeur)
CB163;BOUMEZIREN RACHID;1;0;41100;41100;;CITE METIDJI AKBOU W-BEJAIA;;198806250318820;15A0991186-00/06;06255340150;0;41100 Clients : 164 416,00 DA (débiteur)
CB176;ETB TCE SEBA EL YAZID;1;0;41100;41100;;VGE AGHBALA CNE BENI DJELLIL;BEJAIA;197706230004736;04A0938309-00/06;06234022013;0;41100 Clients : 450 000,00 DA (débiteur)
CB185;MAMERI ABDELKRIM;1;0;41100;41100;;VGE TIZI AHMED TICHI;BEJAIA;171060100785137;98A0917997-00/06;06111431010;0;41100 Clients : 0,00 DA (soldé)
CB187;SARL ASKON CONSTRUCTION;1;0;41100;41100;;333 CITE DJENANE OMER;KOUBA - ALGER;001516099045748;15B0990457-00/16;16181727031;0;41100 Clients : 0,00 DA (soldé)
CB192;SARL AZ BATI TEC;1;0;41100;41100;;EL KSEUR W DE BEJAIA;;002106019053337;21B0190533-00/06;06400056623;0;41100 Clients : 0,00 DA (soldé)
CB197;EURL CHARIK OUVRAGES;1;0;41100;41100;;ZONE INDUSTRIEL BATIMENT F;BEJAIA;002106019070035;21B0190700-00/06;06014407033;0;41100 Clients : 3 000 000,00 DA (débiteur)
CB198;SARL EBTPH OUARI;1;0;41100;41100;;BP 15 CP 06530 BNI MAOUCHE;BEJAIA;001906018978803;19B0189788-00/06;06500540208;0;41100 Clients : 1 300 000,01 DA (débiteur)
CB199;ETB-TCE MAOUCHI LAKHDAR;1;0;41100;41100;;VGE BOUADNI CNE SMAOUNE;BEJAIA;177063400319414;10A0966978-00/06;06120170258;0;41100 Clients : 470 000,00 DA (débiteur)
CB208;EURL RIDALISO;1;0;41100;41100;;"LOT RAHVA BT ""A"" LOCAL N° 6";AKBOU BEJAIA;00150601886191506001;15B0188619-01/06;06251410002;0;41100 Clients : 460 656,00 DA (débiteur)
CB212;EURL AKRAM CONSTRUCTION;1;0;41100;41100;;RUE KRIM BELKACEM IGHILOUAZOUG;BEJAIA;001106018716941;11B0187169-00/06;06019207465;0;41100 Clients : 3 696 000,00 DA (débiteur)
CB227;BOURDJAH AMINE;1;0;41100;41100;;VGE TALA OUARYANE CNE BEJAIA;;18518010073015700000;18A1000230-00/06;06014203782;0;41100 Clients : 0,00 DA (soldé)
CB245;DIVINDUS DMC BEJAIA SPA;1;0;41100;41100;;BOULEVARD KRIM BELKACEM BEJAIA;;001619009219803;16B0092198-45/06;00084026;0;41100 Clients : 154 901,82 DA (débiteur)
CB249;SARL SOMARA;1;0;41100;41100;;SIDI ALI LEBHAR 120 LGTS BEJAI;;002006019036503;22B0191028-00/06;06018209241;0;41100 Clients : 790 370,00 DA (débiteur)
CB255;KERDJA YOUCEF;1;0;41100;41100;;AIZMANE CNE OUED GHIR BEJAIA;;160195400030124;02A0933378-00/06;06511478051;0;41100 Clients : 0,00 DA (soldé)
CB264;ETB-TCE- MADANI SALIM;1;0;41100;41100;;SNADLA CNE DRAA EL KAID BEJAIA;;17406440075012100601;98A0916406-01/06;06450808955;0;41100 Clients : 500 000,00 DA (débiteur)
CB285;ETB-TCE-GUELMINE KARIM;1;0;41100;41100;;LD TAHRIKT M'CISNA BEJAIA;;183062501479138;11A0967772-01/06;06090014015;0;41100 Clients : 1 300 130,57 DA (débiteur)
CB286;SARL MELOUI C B;1;0;41100;41100;;RUE 07 MARTYRS SEDDOUK BEJAIA;;002306019130291;23B0191302-00/06;06260012339;0;41100 Clients : 1 909 228,05 DA (débiteur)
CB288;SNC HARFOUCHE NABIL WA CHARIKI;1;0;41100;41100;;BENI MOUHLI CENTRE W SETIF;;002119009463950;21A0094639-00/19;19460011257;0;41100 Clients : 0,01 DA (débiteur)
CB291;SADAOUI HAKIMA;1;0;41100;41100;;ATIL SALAH GRP 103 SEC 55;EL-KSEUR BEJAIA;28806390004519400;22A5815253-00/06;06400011267;0;41100 Clients : 6 443 520,00 DA (débiteur)
CB302;EURL TRAVLUX;1;0;41100;41100;;CITE 88 LGTS BT B N°07 RAFFOUR;M'CEDDALLAH BOUIRA;002410028518103;24B0285181-00/10;10372372277;0;41100 Clients : 595 760,00 DA (débiteur)
CB306;ETB-TCE MADI HOCINE;1;0;41100;41100;;26 RUE DES FRERES HAFFAF;SIDI AHMED BEJAIA;18206010211224400;22A5815942-00/06;06015607025;0;41100 Clients : 150 000,00 DA (débiteur)
CB307;ETB-TCE ZEBBOUDJI DJAMAL;1;0;41100;41100;;;;;;;0;41100 Clients : 0,00 DA (soldé)
CB311;SNC CHELGHOUM MUSTAPHA ET CHEL;1;0;41100;41100;;;;;;;0;41100 Clients : 0,01 DA (débiteur)
CB314;ETB-TCE MOKRANI LYDIA EPSE BES;1;0;41100,41901;41100;;FOURRIERE COMMUNAL 103;CNE OUED GHIR-W-BEJAIA;292060102986156;18A1000800-00/06;06511479081;0;41100 Clients : 7 779 358,00 DA (débiteur) | 41901 Clients créditeurs -avances re : -600 000,00 DA (créditeur)
CB316;SARL ZIDANI MARBRE;1;0;41100;41100;;Z-I EL KSEUR BEJAIA;BEJAIA;099906018299895;99B0182998-00/06;06400135521;0;41100 Clients : 0,00 DA (soldé)
CB317;EURL RASHLE CONSTRUCTION;1;0;41100;41100;;SIDI AHMED ZHUN GRP PROP 04;BEJAIA;002406019160760;24B0191607-00/06;06019160760;0;41100 Clients : 159 331,06 DA (débiteur)
CB318;SPA EPE SOGERHWIT;1;0;41100;41100;;ABOU TACHFINE BP 869;TLEMCEN;099913026231040;99B0262310-13/00;13016107175;0;41100 Clients : -14 000,35 DA (créditeur)
CB321;ETB TCE BOUDJELIL SLIMANE;1;0;41100;41100;;IGUER ALI CNE FERRAOUNE;BEJAIA;18006340069616500600;07A0949583-00/06;06030090991;0;41100 Clients : 1 000 000,01 DA (débiteur)
CB333;SARL MAK CONSTRUCTION;1;0;41100;41100;;05 RUE DES FRERES TAGUELMIMT;BEJAIA;002006019036194;20B0190361-00/06;06010451582;0;41100 Clients : 1 548 800,00 DA (débiteur)
CB335;SNC MC KAM BENBELLIL ET CIE;1;0;41100;41100;;VGE AMAGAZ CNE M'SICNA;BEJAIA;0009060186636641;09B0186366-00/06;06090423555;0;41100 Clients : 275 712,00 DA (débiteur)
CB336;EURL R S CONSTRUCTION ETB-TCE;1;0;41100;41100;;RUE GUIFFRI ALI IMMEUBLE;OUADFEL BEJAIA;002306019140710;23B0191407-00/06;06018804567;0;41100 Clients : 464 640,00 DA (débiteur)
CB339;ETB-TCE BELLOUL FAYSSAL;1;0;41100;41100;;VGE BOUZOUGLA CNE DRAA EL GAID;BEJAIA;18706450043129000;17A0997467-00/06;06450520916;0;41100 Clients : 947 999,94 DA (débiteur)
CB342;COSIDER CANALISATION POLE H-64;1;0;41100;41100;;AKHNAK SEDDOUK;BEJAIA;000416096611603;04B0966116;00051756;0;41100 Clients : 449 998,50 DA (débiteur)
CB346;TEMMAM BOUALAM;1;0;41100,41901;41100;;VGE ARIL EL KAF AIN LEGRAJ;SETIF;170192200321171;09A0476724-00/19;19130273915;0;41100 Clients : 1 000 000,01 DA (débiteur) | 41901 Clients créditeurs -avances re : -1 000 000,00 DA (créditeur)
CB348;EURL BEST WAY BULDING;1;0;41100;41100;;RESIDNCE LA PHOENIX BT A1 N°38;BEJAIA;002306019120487;23B01912204-00/06;06014406054;0;41100 Clients : 784 000,01 DA (débiteur)
CB349;SARL JH BATI BEST CONSTRUCTION;1;0;41100;41100;;HAOUCHE EL BEY BT A 04;BOUMERDES;002235072972281;22B0729722-00/35;35010118817;0;41100 Clients : 1 885 583,75 DA (débiteur)
CB350;PROMO IMMO -BOURAI SAMIR-;1;0;41100;41100;;CITE 200 LGTS RES LA PLAINE;CITE TOBAL BEJAIA;18006010134313300603;06A0946397-03/06;06012509333;0;41100 Clients : 1 900 000,00 DA (débiteur)
CB353;BENNAI ZAHIR;1;0;41100;41100;;;;;;;0;41100 Clients : 309 760,00 DA (débiteur)
CB354;KERDJA BRAHIM;1;0;41100;41100;;;;;;;0;41100 Clients : 1 560 000,00 DA (débiteur)
CB355;BOURAI ABDENASSER;1;0;41100;41100;;;;;;;0;41100 Clients : 581 921,80 DA (débiteur)
CB356;HAMOUDI NACIR;1;0;41100;41100;;;;;;;0;41100 Clients : 0,00 DA (soldé)
CB357;EURL HIGH TECH PROMED;1;0;41100;41100;;;;;;;0;41100 Clients : 0,00 DA (soldé)
CB358;SARL BMC BOUGIE MULTI CONSTRUC;1;0;41100;41100;;;;;;;0;41100 Clients : 500 000,00 DA (débiteur)
CB359;BENIDIRI ABDELLAH;1;0;41100;41100;;;;;;;0;41100 Clients : 1 412 130,16 DA (débiteur)
CB360;REDJAL SADDEK;1;0;41100;41100;;;;;;;0;41100 Clients : 0,00 DA (soldé)
CB361;SARL IDIRI THERMOELEC;1;0;41100;41100;;;;;;;0;41100 Clients : 0,00 DA (soldé)
CB362;KERDJA BILAL;1;0;41100;41100;;;;;;;0;41100 Clients : 624 000,00 DA (débiteur)
CB363;BAA AKLI;1;0;41100;41100;;;;;;;0;41100 Clients : 153 119,49 DA (débiteur)
CB364;BOUMAZA LAZIZ;1;0;41100;41100;;;;;;;0;41100 Clients : 322 090,16 DA (débiteur)
CB365;MEHDI SAADI;1;0;41100;41100;;;;;;;0;41100 Clients : 110 000,03 DA (débiteur)
CB366;BENADDA WALID;1;0;41100;41100;;;;;;;0;41100 Clients : 598 000,00 DA (débiteur)
FA007;EURL AIMAD EDDINE SABLIER;0;1;40101;;40101;;;;;;0;40101 FOURNISSEURS LOCAUX : -4 181 860,33 DA (créditeur)
FE004;QINGDAO RULONG INTERNATIONAL;0;1;40100;;40100;;;;;;1;40100 Fournisseurs etrangers : 0,00 DA (soldé)
FE009;BS MOTOR PARTS MFG CO LTD;0;1;40100;;40100;;;;;;1;40100 Fournisseurs etrangers : 10 252 551,75 DA (débiteur)
FE023;DPIA FRANCE;0;1;40100;;40100;;;;;;1;40100 Fournisseurs etrangers : 0,00 DA (soldé)
FE026;GLOBAL WIN VEHICULE CO.LTD;0;1;40100;;40100;;;;;;1;40100 Fournisseurs etrangers : 0,00 DA (soldé)
FE032;EKER TURQUIE;0;1;40100;;40100;;;;;;1;40100 Fournisseurs etrangers : 0,00 DA (soldé)
FE042;RENTEK;0;1;40100;;40100;;;;;;1;40100 Fournisseurs etrangers : 0,00 DA (soldé)
FE044;ZHEJIANG BAITUO IMP/EXP;0;1;40100;;40100;;;;;;1;40100 Fournisseurs etrangers : 0,00 DA (soldé)
FE046;SAMPA;0;1;40100;;40100;;;;;;1;40100 Fournisseurs etrangers : 0,00 DA (soldé)
FE057;SOCIETE FILIERE AL BARAKA;0;1;40100;;40100;;;;;;1;40100 Fournisseurs etrangers : 0,00 DA (soldé)
FE058;TAF PPL;0;1;40100;;40100;;;;;;1;40100 Fournisseurs etrangers : 0,00 DA (soldé)
FE059;METAL DOKUM MAKINA OTOM;0;1;40100;;40100;;;;;;1;40100 Fournisseurs etrangers : 0,00 DA (soldé)
FE060;A IDENTIFIER (PTI 70699);0;1;40100;;40100;;;;;;1;40100 Fournisseurs etrangers : 1 400 000,00 DA (débiteur)
FE061;A IDENTIFIER (PTI 71236);0;1;40100;;40100;;;;;;1;40100 Fournisseurs etrangers : 2 000 000,00 DA (débiteur)
FE062;A IDENTIFIER (PTI 71240);0;1;40100;;40100;;;;;;1;40100 Fournisseurs etrangers : 5 700 000,00 DA (débiteur)
FI004;ETS BOUZIDA KOCEILA;0;1;40101;;40101;;;;;;0;40101 FOURNISSEURS LOCAUX : 9 912 146,61 DA (débiteur)
FI020;SAYAD ABD EL HAFID;0;1;40400;;40400;;;;;;0;40400 Fournisseur d'immobilisations : -12 903 875,00 DA (créditeur)
FI023;ETS AIT ELDJOUDI;0;1;40400;;40400;;;;;;0;40400 Fournisseur d'immobilisations : -22 709,50 DA (créditeur)
FI041;SARL ENDEMEL;0;1;40400;;40400;;;;;;0;40400 Fournisseur d'immobilisations : -5 420,90 DA (créditeur)
FI067;SNC RAMTANI ET FILS;0;1;40101;;40101;;;;;;0;40101 FOURNISSEURS LOCAUX : 213 405,31 DA (débiteur)
FI107;SARL GRALCOME;0;1;40101;;40101;;;;;;0;40101 FOURNISSEURS LOCAUX : 2 362 569,49 DA (débiteur)
FI110;CTIB ETS IGHIT NORDINE;0;1;40400;;40400;;;;;;0;40400 Fournisseur d'immobilisations : -13 000,00 DA (créditeur)
FI117;AMANI ETS DRIS;0;1;40400;;40400;;;;;;0;40400 Fournisseur d'immobilisations : -1 504 200,00 DA (créditeur)
FI120;E-T-E DJERROUD;0;1;40400;;40400;04 RUE DE LA GARE OUZELLAGUEN;BEJAIA;181063600077183;12A0974907-00/06;06360250059;0;40400 Fournisseur d'immobilisations : -252 518,00 DA (créditeur)
FI121;SARL AXECHAN ELECTROME;0;1;40101,40400;;40101;RESIDENCE 332LGT NUMIDIA BEJAI;;000806018585831;08B0185858-06/00;06120034512;0;40101 FOURNISSEURS LOCAUX : 200 000,00 DA (débiteur) | 40400 Fournisseur d'immobilisations : -400 000,01 DA (créditeur)
FI124;EURL COMPRESSEUR AUGUST;0;1;40400;;40400;;;;;;0;40400 Fournisseur d'immobilisations : -50 000,00 DA (créditeur)
FI125;HM TECH-OUAZINE ACHOUR-;0;1;40101;;40101;;;;;;0;40101 FOURNISSEURS LOCAUX : 151 000,00 DA (débiteur)
FL001;MERZOUK ABDELHAMID;0;1;40101;;40101;;;;;;0;40101 FOURNISSEURS LOCAUX : -98 088,16 DA (créditeur)
FL003;SARL ELGUEDRA;0;1;40101;;40101;;;;;;0;40101 FOURNISSEURS LOCAUX : -749 292,98 DA (créditeur)
FL012;SARL CAPROMET;0;1;40101;;40101;EL BRAKNA CNE DERAN TAREF;;000423052305718;04/B/523057-36/03;2000051305;0;40101 FOURNISSEURS LOCAUX : 0,00 DA (soldé)
FL016;EURL HAROUN TRANSIT;0;1;40101;;40101;;;;;;0;40101 FOURNISSEURS LOCAUX : -435 991,51 DA (créditeur)
FL017;SARL CENTRE COMMERCIAL IL-MATH;0;1;40101;;40101;;;;;;0;40101 FOURNISSEURS LOCAUX : -9 288 975,00 DA (créditeur)
FL018;DOUANES BEJAIA;0;1;40101;;40101;;;;;;0;40101 FOURNISSEURS LOCAUX : 5 770 224,00 DA (débiteur)
FL019;CMA CGM ALGERIE BEJAIA;0;1;40101;;40101;;;;;;0;40101 FOURNISSEURS LOCAUX : 265 042,82 DA (débiteur)
FL020;SARL MSCA;0;1;40101,40901;;40101;;;;;;0;40101 FOURNISSEURS LOCAUX : 29 316,21 DA (débiteur) | 40901 Fournisseurs débiteurs : avanc : 325 797,04 DA (débiteur)
FL021;TRANSIT BOURGHIT ABDELKRIM;0;1;40101;;40101;;;;;;0;40101 FOURNISSEURS LOCAUX : -77 839,67 DA (créditeur)
FL027;CHEBBAH BOUDJEMAA;0;1;40101;;40101;;;;;;0;40101 FOURNISSEURS LOCAUX : 217 756,50 DA (débiteur)
FL029;SNC RAMTANI ET FILS;0;1;40101;;40101;TIMTDHIT RN26CNE TAZMALT;;000706018549880;07B0185498-00/06;06276701001;0;40101 FOURNISSEURS LOCAUX : -150 045,30 DA (créditeur)
FL037;SARL DPR COMPANY;0;1;40101;;40101;;;;;;0;40101 FOURNISSEURS LOCAUX : 7 130 628,30 DA (débiteur)
FL040;SARL STATION DE SCE SOUMMAM;0;1;40101;;40101;;;;;;0;40101 FOURNISSEURS LOCAUX : -59 547,21 DA (créditeur)
FL046;GAMMA LUBRIFIANTS;0;1;40101;;40101;22 RUE DES FRERES FERZOUI BEJA;;172063600340111;05A0941087;06015616065;0;40101 FOURNISSEURS LOCAUX : -480 479,78 DA (créditeur)
FL049;DJENNADI ABDELKADER;0;1;40101;;40101;;;;;;0;40101 FOURNISSEURS LOCAUX : -3 513 933,59 DA (créditeur)
FL052;DJENADI A/KRIM;0;1;40101;;40101;;;;;;0;40101 FOURNISSEURS LOCAUX : -335 786,25 DA (créditeur)
FL056;MAERSK ALGERIE;0;1;40101;;40101;;;;;;0;40101 FOURNISSEURS LOCAUX : 0,00 DA (soldé)
FL065;DJENNADI REYAD;0;1;40101;;40101;;;;;;0;40101 FOURNISSEURS LOCAUX : -1 688 100,00 DA (créditeur)
FL074;SNC AIT AISSA ET FILS;0;1;40101;;40101;;;;;;0;40101 FOURNISSEURS LOCAUX : -119 999,12 DA (créditeur)
FL093;SARL TAHARACHT IMPORT EXPORT;0;1;40101;;40101;;;;;;0;40101 FOURNISSEURS LOCAUX : -8 083 955,40 DA (créditeur)
FL099;DJERMOULI KAMAL ABDENNOUR;0;1;40101;;40101;;;;;;0;40101 FOURNISSEURS LOCAUX : 0,00 DA (soldé)
FL102;SARL DPR COMPAGNY TPM;0;1;40101;;40101;;;;;;0;40101 FOURNISSEURS LOCAUX : -366 803 001,28 DA (créditeur)
FL109;SAIGH LEFRIK;0;1;40101;;40101;;;;;;0;40101 FOURNISSEURS LOCAUX : 0,00 DA (soldé)
FL116;EURL STRAPTEC;0;1;40101;;40101;;;;;;0;40101 FOURNISSEURS LOCAUX : 0,00 DA (soldé)
FL133;FORMIDEX EMBALLAGE;0;1;40101;;40101;;;;;;0;40101 FOURNISSEURS LOCAUX : -676 976,00 DA (créditeur)
FL134;ETS BENSEKHRI YACINE;0;1;40101;;40101;;;;;;0;40101 FOURNISSEURS LOCAUX : -157 452,47 DA (créditeur)
FL135;EPE ORGM SPA;0;1;40101;;40101;;;;;;0;40101 FOURNISSEURS LOCAUX : -288 173,97 DA (créditeur)
FL138;LES DOMAINES ANAM;0;1;40101;;40101;;;;;;0;40101 FOURNISSEURS LOCAUX : -733 530,00 DA (créditeur)
FL141;SOFIND INDUSTRIE;0;1;40101;;40101;;;;;;0;40101 FOURNISSEURS LOCAUX : -122 036,96 DA (créditeur)
FL153;MEGHAR NADIR;0;1;40101;;40101;RN N°26 FBG GUENDOUZA 06001;AKBOU W BEJAIA;197706250169422;10A0963965-00/06;06251966449;0;40101 FOURNISSEURS LOCAUX : 131 495,00 DA (débiteur)
FL155;"STATION GAMMA ""TOTAL""";0;1;40101;;40101;IREYAHEN TALA HAMZA;BEJAIA;197206360034044;06/02-0941087A05;06015616065;0;40101 FOURNISSEURS LOCAUX : -79 925,00 DA (créditeur)
FL156;SARL DIOUANI;0;1;40101;;40101;ILOT N° 106 SECTION 07-16045;BABA ALI ALGER;000116179036345;01B0016315;16340214201;0;40101 FOURNISSEURS LOCAUX : -49 500,00 DA (créditeur)
FL161;SARL TAALBA PROTECTION;0;1;40101;;40101;QUARTIER SONATRACH RN° 26;AKBOU (W) BEJAIA;002206019084810;06/00-0190848B22;06251739045;0;40101 FOURNISSEURS LOCAUX : -86 929,50 DA (créditeur)
FL162;TRANSIT HAMMACHE;0;1;40101;;40101;;;;;;0;40101 FOURNISSEURS LOCAUX : -498 612,07 DA (créditeur)
FL166;STATION GAMMA 4;0;1;40101;;40101;RN 26 CHIKHOUNE IGHZER AMOKRAN;BEJAIA;000806018585831;08B0185858-00/06;06120034512;0;40101 FOURNISSEURS LOCAUX : -56 500,01 DA (créditeur)
FL170;SARL BEJAIA EQUIP INDUSTRIELS;0;1;40101;;40101;"RUE ""L"" ARRIERE PORT";BEJAIA;099806018256613;98B0182566-00/06;06010223011;0;40101 FOURNISSEURS LOCAUX : -17 647,90 DA (créditeur)
FL171;SARL EPIDEK BEJAIA;0;1;40101,40901;;40101;13 RUE DIDOUCHE MOURAD SMINA;BEJAIA;001106018714117;06/02-0187141B11;06017205899;0;40101 FOURNISSEURS LOCAUX : 1 850 000,00 DA (débiteur) | 40901 Fournisseurs débiteurs : avanc : 148 000,00 DA (débiteur)
FL175;SNC GROUPE ALITI;0;1;40101;;40101;ARG EZZEBAR-SIDI AMEUR;BOUSAADA;000619008662164;06B0086621-02/28;19270217021;0;40101 FOURNISSEURS LOCAUX : -156 560,00 DA (créditeur)
FL182;SARL MAXIPOWER ELECTRONIC;0;1;40101,40801;;40101;ZONE INDUSTRIELLE IHADDADEN BE;BEJAIA;00100601865962906005;10B0186596-05/06;06017105204;0;40101 FOURNISSEURS LOCAUX : 90 999,94 DA (débiteur) | 40801 Fournisseurs factures non parv : -13 800,00 DA (créditeur)
FL186;SNC GLE ET LUBRIFIANTS MAOUCHE;0;1;40101;;40101;RN N°26 IGHZER AMOKRANE BEJAIA;;002106019049047;21B0190490-00/06;06360479045;0;40101 FOURNISSEURS LOCAUX : -3 269 423,89 DA (créditeur)
FL189;UDA UNION DES DISTRIBUTEURS;0;1;40101;;40101;30 BOULEVARD TAHAR BOUDCHICHA;BEJAIA;002106019068365;06/00-190683B21;06014502011;0;40101 FOURNISSEURS LOCAUX : 49 589,13 DA (débiteur)
FL195;CEJM;0;1;40101;;40101;ZI ROUTE DES CONCESSIONS BEJAI;;002306019128420;23B0191284-00/06;06013906372;0;40101 FOURNISSEURS LOCAUX : -2 616,41 DA (créditeur)
FL196;SARL GRALCOME;0;1;40101;;40101;CITE MOUIHA LOT 2 BOUMERDES;;000135072325794;01B0723257-35/00;35203794021;0;40101 FOURNISSEURS LOCAUX : -2 362 589,49 DA (créditeur)
FL202;SARL STEEL TRANS;0;1;40101;;40101;HAJAR EDDIS N94/09/03SIDIAMMAR;ANNABA;099825006220815;98B0062208-23-04;TIN00096466;0;40101 FOURNISSEURS LOCAUX : 373 114,49 DA (débiteur)
FL205;EURL BRIMATEC GS GROUPE SOUYEH;0;1;40101;;40101;ZI DRAA ELHADJA M'SILA;;00042805626999228002;04B0562699 02/28;28070467985;0;40101 FOURNISSEURS LOCAUX : -1 874 454,61 DA (créditeur)
FL206;SARL BENSEKHRI INDUSTRIE;0;1;40101;;40101;EL MEZEB SEDDOUK CENTRE 06011;;001806018968248;18/B/0189682-00/06;06260351575;0;40101 FOURNISSEURS LOCAUX : 93 192,47 DA (débiteur)
FL207;SARL COLMAR LEAF SPRINGS;0;1;40101;;40101;Z.I.REGHAIA Z U VOIE F ALGER;;002016104792160;20B1047921-00/16;16430960021;0;40101 FOURNISSEURS LOCAUX : -10 043 913,47 DA (créditeur)
FL212;EURL DANIS CERAMICA;0;1;40101,40901;;40101;;;;;;0;40101 FOURNISSEURS LOCAUX : 458 772,80 DA (débiteur) | 40901 Fournisseurs débiteurs : avanc : 400 000,00 DA (débiteur)
FL213;DIABA MOURAD;0;1;40101,40901;;40101;;;;;;0;40101 FOURNISSEURS LOCAUX : 920 000,00 DA (débiteur) | 40901 Fournisseurs débiteurs : avanc : 320 000,00 DA (débiteur)
FL215;SARL IGBS SETIF;0;1;40101;;40101;;;;;;0;40101 FOURNISSEURS LOCAUX : 606 781,00 DA (débiteur)
FL219;SARL LOTUS SAT;0;1;40101;;40101;;;;;;0;40101 FOURNISSEURS LOCAUX : -1 367 095,70 DA (créditeur)
FL221;FILTEK INDUSTERIE & SERVICES;0;1;40101;;40101;;;;;;0;40101 FOURNISSEURS LOCAUX : -27 473,45 DA (créditeur)
FL224;SARL SINO ALGERIENNE DE PLASTQ;0;1;40101;;40101;;;;;;0;40101 FOURNISSEURS LOCAUX : -2 384 760,00 DA (créditeur)
FL225;BARA MASSY;0;1;40101;;40101;;;;;;0;40101 FOURNISSEURS LOCAUX : -89 000,00 DA (créditeur)
FL226;ETS KARTOUT ABDERZAK;0;1;40101;;40101;;;;;;0;40101 FOURNISSEURS LOCAUX : -7 660,31 DA (créditeur)
FL227;BENMAMMAR CHAFAA;0;1;40101;;40101;;;;;;0;40101 FOURNISSEURS LOCAUX : 0,00 DA (soldé)
FL228;ETS MOUZAIA SAID;0;1;40101;;40101;;;;;;0;40101 FOURNISSEURS LOCAUX : 200 000,00 DA (débiteur)
FL235;C.T.I.B ETS IGHIT NORDINE;0;1;40101;;40101;;;;;;0;40101 FOURNISSEURS LOCAUX : 0,00 DA (soldé)
FL236;BEJAIA STATIONERY;0;1;40101;;40101;;;;;;0;40101 FOURNISSEURS LOCAUX : 0,03 DA (débiteur)
FL237;SARL EVENTRADE;0;1;40101;;40101;;;;;;0;40101 FOURNISSEURS LOCAUX : -1 130 500,00 DA (créditeur)
FL238;HOTEL MISTRAL ORAN;0;1;40101;;40101;;;;;;0;40101 FOURNISSEURS LOCAUX : 899,99 DA (débiteur)
FL239;SAA SOCIETE NATIONALE D ASSURA;0;1;40101;;40101;;;;;;0;40101 FOURNISSEURS LOCAUX : 2 283,52 DA (débiteur)
FL240;CHILLAOUI MASSOUD;0;1;40101;;40101;;;;;;0;40101 FOURNISSEURS LOCAUX : 30 450,00 DA (débiteur)
FL241;PROMOSALONS ALGERIE;0;1;40101;;40101;;;;;;0;40101 FOURNISSEURS LOCAUX : 0,00 DA (soldé)
FL242;RCD BEJAIA AISSAT IDIR;0;1;40101;;40101;;;;;;0;40101 FOURNISSEURS LOCAUX : 6 000,00 DA (débiteur)
FL243;BOUKHENAK RACHID;0;1;40101;;40101;;;;;;0;40101 FOURNISSEURS LOCAUX : 61 000,00 DA (débiteur)
FL244;OURARI LAKHDAR;0;1;40101;;40101;;;;;;0;40101 FOURNISSEURS LOCAUX : 170 000,00 DA (débiteur)
FL245;BOUZIDA (REMIS PAR MAHDI);0;1;40101;;40101;;;;;;0;40101 FOURNISSEURS LOCAUX : 216 000,00 DA (débiteur)
FL246;EURL TOOLS ABDO;0;1;40101;;40101;;;;;;0;40101 FOURNISSEURS LOCAUX : 10 087 853,39 DA (débiteur)
FL247;ETS BELLIL TOUFIK;0;1;40101;;40101;;;;;;0;40101 FOURNISSEURS LOCAUX : 0,00 DA (soldé)
FL248;BOUAKASE ZINA TRADUCTRICE ASSE;0;1;40101;;40101;;;;;;0;40101 FOURNISSEURS LOCAUX : -16 800,00 DA (créditeur)
FL249;ASSOCIATION BED BRIQUETERIE AL;0;1;40101;;40101;;;;;;0;40101 FOURNISSEURS LOCAUX : 200 000,00 DA (débiteur)
FL250;SARL DELTA ELEC;0;1;40101;;40101;;;;;;0;40101 FOURNISSEURS LOCAUX : 0,00 DA (soldé)
FL251;ECHANCE 06/2026;0;1;40101;;40101;;;;;;0;40101 FOURNISSEURS LOCAUX : -4 340 291,82 DA (créditeur)
FL252;EURL TOTO MOTEUR;0;1;40101;;40101;;;;;;0;40101 FOURNISSEURS LOCAUX : 10 435 547,31 DA (débiteur)
FL253;B M T BEJAIA MEDITERRANEAN TER;0;1;40101;;40101;;;;;;0;40101 FOURNISSEURS LOCAUX : -503 310,50 DA (créditeur)
FL254;SARL BEJAIA EQUIPEMENTS INDUST;0;1;40101;;40101;;;;;;0;40101 FOURNISSEURS LOCAUX : 0,00 DA (soldé)
FL255;ENTREPRISE PORTUAIRE BEJAIA;0;1;40101;;40101;;;;;;0;40101 FOURNISSEURS LOCAUX : -76 837,12 DA (créditeur)
FL256;MTA;0;1;40101;;40101;;;;;;0;40101 FOURNISSEURS LOCAUX : -11 900,00 DA (créditeur)
FL257;SCANNER TC;0;1;40101;;40101;;;;;;0;40101 FOURNISSEURS LOCAUX : -7 140,00 DA (créditeur)
FL258;SERPORT;0;1;40101;;40101;;;;;;0;40101 FOURNISSEURS LOCAUX : -433,76 DA (créditeur)
FL259;GOS (?);0;1;40101;;40101;;;;;;0;40101 FOURNISSEURS LOCAUX : 0,00 DA (soldé)
FS001;SARL DLG;0;1;40130;;40130;;;;;;0;40130 FOURNISSEURS DE SERVICES : -58 012,50 DA (créditeur)
FS002;SARL EL GUEDRA;0;1;40130;;40130;;;;;;0;40130 FOURNISSEURS DE SERVICES : -80 000,02 DA (créditeur)
FS004;SONELGAZ BEJAIA;0;1;40130;;40130;;;;;;0;40130 FOURNISSEURS DE SERVICES : -1 012 639,12 DA (créditeur)
FS026;CHELOUAH MOURAD;0;1;40130;;40130;;;;;;0;40130 FOURNISSEURS DE SERVICES : -96 500,00 DA (créditeur)
FS031;TOURING VOYAGES ALGERIE;0;1;40130;;40130;;;;;;0;40130 FOURNISSEURS DE SERVICES : 234 730,00 DA (débiteur)
FS040;ETS MOURAH WALID;0;1;40130;;40130;;;;;;0;40130 FOURNISSEURS DE SERVICES : -20 500,00 DA (créditeur)
FS046;SEBKHI ABDELDJEBAR;0;1;40130;;40130;;;;;;0;40130 FOURNISSEURS DE SERVICES : -65 000,00 DA (créditeur)
FS048;CHAMBRE DE COMMERCE;0;1;40130;;40130;;;;;;0;40130 FOURNISSEURS DE SERVICES : -282 625,00 DA (créditeur)
FS091;CAAR;0;1;40130;;40130;;;;;;0;40130 FOURNISSEURS DE SERVICES : -1 924 883,65 DA (créditeur)
FS092;BOUTICHE AHMED;0;1;40130;;40130;;;;;;0;40130 FOURNISSEURS DE SERVICES : -190 400,00 DA (créditeur)
FS094;BENHAMMA AZIAZ;0;1;40130;;40130;;;;;;0;40130 FOURNISSEURS DE SERVICES : -340 160,00 DA (créditeur)
FS096;SPA WATANIYA TELECOM;0;1;40130;;40130;;;;;;0;40130 FOURNISSEURS DE SERVICES : -9 933,33 DA (créditeur)
FS098;HOTEL FAMILIAL;0;1;40130;;40130;;;;;;0;40130 FOURNISSEURS DE SERVICES : -56 680,00 DA (créditeur)
FS104;TOUHAMI HOTEL KHODJA;0;1;40130;;40130;;;;;;0;40130 FOURNISSEURS DE SERVICES : -21 000,00 DA (créditeur)
FS106;AGENCE NATIONALE EAU AGIRE;0;1;40130;;40130;;;;;;0;40130 FOURNISSEURS DE SERVICES : -735 015,40 DA (créditeur)
FS130;OUZOUGOUA MOURAD;0;1;40130;;40130;;;;;;0;40130 FOURNISSEURS DE SERVICES : -169 900,00 DA (créditeur)
FS133;AGRFU BEJAIA (AFOWB);0;1;40130;;40130;;;;;;0;40130 FOURNISSEURS DE SERVICES : 30 308,40 DA (débiteur)
FS135;ASSOCIATION DES BRIQUETIERS;0;1;40130;;40130;;;;;;0;40130 FOURNISSEURS DE SERVICES : 200 000,00 DA (débiteur)
FS139;KARIM TAOUILT;0;1;40130,40901;;40130;;;;;;0;40130 FOURNISSEURS DE SERVICES : 400 000,00 DA (débiteur) | 40901 Fournisseurs débiteurs : avanc : 1 200 000,00 DA (débiteur)
FS141;IKHLEF MESBAH;0;1;40130;;40130;LOT N°41DAR DIAF CHERAGA ALGER;;194606010607348;AGREMENT 096/1984;16500710521;0;40130 FOURNISSEURS DE SERVICES : -856 800,00 DA (créditeur)
FS143;MOULOUDJI LAMIA;0;1;40130;;40130;;;;;;0;40130 FOURNISSEURS DE SERVICES : 22 000,00 DA (débiteur)
FS144;OUMEKHLOUF SMAIL;0;1;40130;;40130;;;;;;0;40130 FOURNISSEURS DE SERVICES : 700 000,00 DA (débiteur)
FS145;MAITRE SADJI FARID;0;1;40130;;40130;;;;;;0;40130 FOURNISSEURS DE SERVICES : -15 510,00 DA (créditeur)
FS149;ETS BENHAMMA AZIAZ;0;1;40130;;40130;;;;;;0;40130 FOURNISSEURS DE SERVICES : -161 840,00 DA (créditeur)
FS150;SARL OXI LOG;0;1;40130;;40130;;;;;;0;40130 FOURNISSEURS DE SERVICES : -1 999 200,00 DA (créditeur)
FS152;GEOSOLS LABO-BELAGAL;0;1;40130;;40130;;;;;;0;40130 FOURNISSEURS DE SERVICES : -394 800,00 DA (créditeur)
FS154;LIQUIDATEUR BABA AISSA;0;1;40130,40901;;40130;;;;;;0;40130 FOURNISSEURS DE SERVICES : 0,00 DA (soldé) | 40901 Fournisseurs débiteurs : avanc : 0,00 DA (soldé)
