compte;debit;credit
10100;0.00;294000000.00
10400;0.00;108538840.00
10610;0.00;8400000.00
10620;0.00;177709046.06
10630;0.00;100340.00
11000;19623193.24;17840.54
11001;1614003.18;0.00
12000;0.00;14224615.68
16400;77792351.83;0.00
16406;38058825.00;393274525.00
20400;151900.00;0.00
20500;260710.00;0.00
21100;77322990.00;0.00
21200;20342633.46;0.00
21220;1009088.00;0.00
21300;940107.00;0.00
21301;150417925.00;0.00
21302;32891565.00;0.00
21303;111330348.94;0.00
21501;53476251.71;0.00
21502;915179127.44;0.00
21801;3295299.15;0.00
21802;776882.85;0.00
21803;2048563.22;0.00
21804;1523977.36;0.00
21805;14474963.31;0.00
21810;4012034.07;0.00
21811;784342.85;0.00
22101;75000000.00;0.00
23200;2107696.00;0.00
23800;151743.75;0.00
23830;9000000.00;0.00
27500;235000.00;0.00
28040;0.00;151900.00
28120;0.00;21265967.83
28122;0.00;29055425.48
28130;0.00;940107.00
28131;0.00;150417925.00
28132;0.00;26244727.90
28133;0.00;42908572.01
28151;0.00;53618516.03
28152;0.00;343478247.13
28180;0.00;625832.48
28181;0.00;3295299.15
281810;0.00;1133896.43
281811;0.00;365260.17
28183;0.00;2048563.24
28184;0.00;657231.11
28185;0.00;5659690.34
31000;854372672.12;240088317.46
31001;0.00;26687812.22
31003;637379244.57;0.00
32212;6510.00;0.00
33500;83000000.00;0.00
35500;220250948.91;113000000.00
38110;36464645.43;36220380.12
38120;341124711.57;341030570.45
38140;475877115.00;475877115.00
40100;346754886.26;323353723.71
40101;81674612.61;456518970.24
40130;126490285.76;136319879.68
40400;0.00;15360291.41
40403;39180450.00;39691426.38
40800;599011.30;0.00
40801;0.00;13800.00
40900;16870920.58;0.00
40901;328491547.04;326097750.00
41100;724826115.17;665631652.07
417;163991.52;0.00
41900;6800000.00;116283829.74
41901;0.00;176693630.99
42100;12462850.29;12538201.56
42101;22230113.09;22301813.49
42102;71056.59;0.00
42500;0.00;769365.00
42501;200000.00;0.00
42502;379948.81;0.00
42503;5236.00;0.00
42504;5328.69;0.00
42505;50000.00;0.00
43100;2831933.57;3409619.48
43200;8268720.73;35245130.10
44210;1520805.00;4774689.73
44400;2057940.00;6426959.28
44410;3313806.00;0.00
44420;141000.00;0.00
44430;213993.63;0.00
44510;51814876.00;48908500.00
44560;0.00;45000.00
44562;296891.95;0.00
44563;75475493.87;80746307.87
44564;7951489.15;0.00
44570;102543389.00;102709032.39
44720;2922350.00;8166221.00
44740;874494.00;0.00
45501;0.00;94295472.23
45502;0.00;66797379.10
45503;0.00;65973905.17
45504;17700000.00;102588826.19
45506;0.00;700000.00
45507;1842000.50;0.00
45508;2712228.00;32000000.00
45701;0.00;363757.49
45702;0.00;679793.77
45703;0.00;409282.17
46700;70000.00;0.00
46703;6091259.62;0.00
47000;224148801.91;275579390.02
48600;947585.40;0.00
51200;7416384.39;6003355.00
51201;1011018320.14;1073964875.06
51202;2038328.17;1939635.14
51211;114220731.63;144340718.98
51230;194784.25;0.00
51240;219702.57;0.00
51250;1400000.00;1384842.92
51501;1258108.50;0.00
51900;226408723.63;374942833.17
51901;9935810.41;9521847.55
53000;342955713.37;281817183.60
542000;9600000.00;9600000.00
58100;295823500.00;295823500.00
60110;240088317.46;0.00
60212;206753.60;0.00
60700;8816324.35;1398803.65
60711;506587.30;0.00
60714;84280.00;0.00
61500;179400.00;0.00
61600;62816.89;0.00
62201;16800.00;0.00
62500;3053741.84;0.00
62600;57843.15;0.00
62750;360700.24;0.00
63100;38284287.32;0.00
63500;8244870.18;0.00
64500;2259754.33;0.00
64520;8000.00;0.00
65101;260710.00;0.00
65860;260710.00;0.00
66100;19399348.90;181070.66
66600;2213439.19;0.00
68100;1672504.20;0.00
68200;40113120.21;0.00
70101;0.00;413708169.03
70110;0.00;130524428.36
70900;9456.64;0.00
72400;113000000.00;107250948.91
76600;0.00;110278.74
