code;libelle;nature
01;REOUVERTURE;divers
02;CPA 004-00370-4000004083-77;banque
03;CAISSE BRIQUETERIE;banque
04;ACHATS LOCAUX;achat
041;ACHATS DE MP argile;divers
05;ACHATS -IMPORTATIONS-;achat
06;STOCKS BRIQ;stock
061;STOCKS DE MP BRIQ;divers
062;STOCK PROMOTION IMMOBILIERE;divers
07;VENTES SEMAOUNE;vente
071;REVENT EN ETAT;vente
072;VENTES HELLOUANE;vente
073;VENTES BRIQUETERIE;vente
08;OPPERATION DIVERS CAROSS;divers
09;PAIE;divers
10;INVESTISSEMENTS;divers
11;CPA 004-00370-4000006599-95;banque
12;JOURNAL DE REGULARISATION;divers
13;BNA 0300000961-18;banque
14;OPERATIONS DIVERSES BRIQUETERI;divers
15;ACHATS LOCAUX BRIQUETERIE;achat
16;INVESTISSEMENTS CAROSSERIE;divers
17;AL BARAKA BANQUE;banque
18;CAISSE CAROS;banque
19;PAIE CROSS;divers
20;STOCK CAROSSERIE;divers
21;AMORTISSEMENT;divers
22;COMPTE TRESORERIE DE BOUIRA;divers
23;CPA 00400370400026216391;banque
30;SITUATION POUR LA BANQUE;divers
24;BANQUE SOCIETE GENERALE ALGERIE;banque
