compte;libelle;classe
10100;Capital social;1
10400;Ecart d'évaluation;1
10600;Réserves (légale, statutaire,;1
10610;RESERVES LEGALES;1
10620;BENEFICE A REINVESTIR;1
10630;RESERVES FACULTATIVES;1
10900;Capital souscrit non appelé;1
11;Report à nouveau;1
11000;Report à nouveau;1
11001;AJUST RESUL CH METHODE COMPTAB;1
11002;AJUST RESUL INTERETS CMT;1
12000;Résultat de l'exercice;1
15801;Autres provisions ARGILE;1
16000;Emprunts et dettes assimilés;1
16400;Emprunts auprès des établissem;1
16401;Emprunts bancaire (2012);1
16402;EMPRUNTS 2014 BRIQUETERIE;1
16403;Emprunt bancaire 2016;1
16404;EMPRUNT BANCAIRE 2017;1
16405;Emprunt bancaire 3887;1
16406;Emprunt bancaire 3899 /3887;1
18100;Comptes de liaison entre etabl;1
204;Logiciels informatiques et ass;2
20400;Logiciels informatiques et ass;2
20500;Concessions et droits similair;2
21100;Terrains;2
21101;GESEMENT (CARIERES ET SABLIERE;2
21102;TERRAINS CONSTRUCTION SIDI AHM;2
21200;Agencements et aménagements de;2
21220;Agencements et aménagements de;2
21300;Constructions;2
21301;BATIMENT INDUSTRIEL(HANGAR);2
21302;BATIMENT ADMINISTRATIF;2
21303;BATIMENT INDUSTRI(BRIQUETERIE);2
21500;Installations techniques, maté;2
21501;MATERIEL ET OUTILLAGE;2
21502;MATERIEL INDUSTRI(BRIQUETERIE);2
21801;MATERIEL DE TRANSPORT;2
21802;MOBILIER DE BUREAU;2
21803;Installation génerales, Ag Amé;2
21804;EQUIPEMENTS INFORMATIQUES;2
21805;INSTALLATIONS AG (BRIQUETERIE);2
21810;INSTALAION ET AGENCEMENT;2
21811;AUTRES INSTAL. ET AGENC.CAROSS;2
22100;Terrains en concession;2
22101;Gisement d'argile;2
22900;Droits du concédant;2
23200;Immobilisations corporelles en;2
23215;IMMOBILISATIONS CORPORELLES EN;2
23800;Avances et acomptes versé sur;2
23801;A-et acompte d'imob sarl soumm;2
23830;AVANCE/ACOMPT IMMOB SUR CONCES;2
26700;Créances rattachées à des part;2
26800;Créances rattachées à des soci;2
27500;Dépots et cautionnements versé;2
27501;CAUTION DE BON EXECUTION;2
27502;CAUTION DE SOMISSION;2
27503;CAUTION /COMPTE SEQUESTRE;2
28040;Amortissement des logiciels in;2
28050;Amortissement concessions et d;2
28110;AMORT TERRAINS;2
28111;AMORT GESSEMEN DE CARRIERES SA;2
28120;AMORT AGENCEMENTS ET AMENAGEME;2
28122;Amort Gisement d'argile;2
28130;Amortissement constructions;2
28131;AMORT BATIMENT INDUSTRIEL(HANG;2
28132;AMORT BATIMENT ADMINISTRATIF;2
28133;AMORT BATIM INDUST BRIQUETERIE;2
28150;Amortissement installations te;2
28151;AMORT MATERIEL ET OUTILLAGES;2
28152;AMORT MATERIEL INDUSTR BRIQUET;2
28180;Amortissement MOBILIER DE BURE;2
28181;AMORT MAT DE TRANSPORT;2
281810;AMORTI INSTALATION BRIQUETERIE;2
281811;AMORTI INSTALATION REMORQUE;2
28183;AMORT INSTALATION GENERA AG ET;2
28184;AMORT EQUIPEMENT INFORMATIQUE;2
28185;AMORT INSTAL,AGENC BRIQUETERIE;2
30000;Stocks de marchandises;3
31000;Sto.Matiè. premières & fournit;3
31001;STOCK D'ARGILE;3
31002;AUTRES MATIRES PREMIERES;3
31003;STOCK PROMOTION IMMOBILIERE;3
32100;Matières consommables;3
32200;PIECE DE RECHANGE IMPORTER;3
32201;PIECE DE RECHANGE;3
32205;Autres Matières consommables;3
32212;STOCKS FOURNIT BUREAU;3
32213;STOCKS CARBURANT LUBRIF;3
32214;STOCKS PETITS OUTILLAGES;3
32230;Autres Matières consommables;3
33500;TRAVAUX EN COURS;3
35100;STOCKS PROMOTION IMMOB TERRAIN;3
35500;Produits finis;3
35801;Stocks d'argile;3
36000;Stocks provenant d'immobilisat;3
37000;Stocks à l'extérieur (en cours;3
38000;Achats stockés;3
38110;"ACHATS MATIERES ""LOCAUX""";3
38120;"ACHATS MATIERES ""IMPORAT""";3
38130;"ACHAT DE MP ""argile""";3
38140;ACHATS PROMOTION IMMOBILIERE;3
38200;Autres approvisionnements stoc;3
38201;Autres approvisionnements cons;3
3821;APPRO DESTINES A L'INVEST;3
38212;FOURNITURES DE BURREAU;3
38213;ACHATS CARBURANTS ET LUBRIFIAN;3
38214;ACHATS PETITS OUTILLAGES;3
38215;PIECES DE RECHANGES;3
38300;Autres approvisionnements cons;3
40100;Fournisseurs etrangers;4
40101;FOURNISSEURS LOCAUX;4
40130;FOURNISSEURS DE SERVICES;4
40160;Fournis de services (importati;4
40162;Fournis autres services éxtéri;4
40400;Fournisseur d'immobilisations;4
40401;FOURNISSEURS D'IMMOBI ETRENGER;4
40402;FOURNISS D'IMMOBILISATION ETRA;4
40403;FOURNISSEURS D'IMMOBILISATIONS;4
40404;Fournisseur d'immobilisations;4
40800;Fournisseurs factures non parv;4
40801;Fournisseurs factures non parv;4
409;Fournisseurs débiteurs : avanc;4
40900;Fournisseurs débiteurs : avanc;4
40901;Fournisseurs débiteurs : avanc;4
41100;Clients;4
411001;411001;4
417;Créances sur travaux ou presta;4
41800;Clients -produits non encore f;4
41900;Clients créditeurs -avances re;4
41901;Clients créditeurs -avances re;4
42100;Personnel, rémunérations dues;4
42101;Personnel, rémunérations dues;4
42102;Personnel,Briqueterie;4
42500;Personnel, avances et acomptes;4
42501;AVC SUR SALAIRE AMAOUCHE AZIZ;4
42502;AVC SALA ABDELHADI ABDELKADIR;4
42503;AVC SALAIRE OUYESSAD MUSTAPHA;4
42504;AVCE SUR SALAIRE FERGUI BRAHIM;4
42505;AVANCE SUR SALAIRE ZEGGANE MOH;4
43100;Sécurité sociale;4
43200;Autres organismes sociaux;4
44210;RETENUES : IRG;4
44220;IBS RETENUE A LA SOURCE;4
44230;IRG/BENIFICES DISTRIBUES;4
44240;IRG A REGULARISER;4
44400;Etat, impôts sur les résultats;4
44410;AVANCES ET ACOMPTES SUR IBS;4
44420;AUTRES IMPOTS;4
44430;IMPOT EXCEDENT DE VERSMENT;4
44510;TVA A PAYER;4
44527;TVA COLLECTEE/VENTES LOCATION;4
44537;TVA COLLECTEE/VENTES TPM;4
44560;TVA A REGULARISES;4
44561;PRECOMPTE TVA;4
44562;TVA DEDUCTIB S/INESTISSEM;4
44563;TVA DEDUCTIB S/BIENS ET SCES;4
44564;SOLDE TVA ANTERIEUR NON DEDUI;4
44565;TVA RECUPERE 2024;4
44570;TVA DUE SUR VENTES;4
44571;TVA DUE/VENTES BRIQUETERIE;4
44580;TVA A REGULARISES;4
44710;TAP DUE;4
44720;TIMBRE SUR VENTES;4
44730;TAXES V.N;4
44740;TAXE DE FORMATION ET APPRENTIS;4
44750;TAXE POLLUTION;4
44751;DIVERS TAXE IMPOTS;4
45100;Opération groupe;4
45101;Opération group DPR COMPAGNY;4
45500;Associés-comptes courants;4
45501;COMPTE COURANT DJENNADI REYAD;4
45502;COMPTE COURANT DJENNADI AHCENE;4
45503;COMPTE COURANT DJENNADI A/KRIM;4
45504;COMPTE COURANT DPR COMPAGNY;4
45505;CPTE COURANT EURL AIMADE EDINE;4
45506;COMPTE COURANT SARL CCI;4
45507;COMPTE COURANT ILE DES PISANS;4
45508;COMPTE COURANT SARL STATION OUA;4
456;456;4
45600;Associés, opérations sur le ca;4
45601;Associe DJENNADI AHCENE;4
45603;Associe DJENADI RAYAD;4
45701;A,dividende à payer D-AHCENE;4
45702;A-dividende DJENADI A/KRIM;4
45703;A-dividende D-RAYAD;4
46000;Débiteurs divers et créditeurs;4
46700;Autres comptes débiteurs ou cr;4
46701;AJUST RESUL INTERETS CMT;4
46702;INTERETS 23 REGUL PAR BQUE 24;4
46703;ILE DES PISANS -BOULIMAT-;4
470;CPT TRANS OU ATTENTE DEPENSES;4
47000;Comptes transitoires ou d'atte;4
471;CPT TRANS OU ATTENTE RECETTES;4
48600;Charges constatées d'avances;4
51200;Banques raprochement;5
51201;BANQUE CPA EL KSEUR;5
51202;CPA 00400370400026216391;5
51211;CPA 004-00370-4000006599-95;5
5122;CPA 004-00370-4000006599-95;5
51230;BANQUE BNA 587 IHADDADENE;5
51240;AL BARAKA 00600407303039726544;5
51250;SOCIETE GENERALE ALG 1130075061-09;5
51500;Trésor public et établissement;5
51501;Trésor public SEQUETRE BOUIRA;5
51900;Concours bancaires courants;5
51901;Concours bancaires courants 95;5
51904;AVANCE SUR SIT BANCAIRE 2017;5
53000;Caisse;5
53100;53100;5
54200;ACCREDITIFS;5
542000;PROVISION;5
58100;Virements de fonds;5
60000;Achats de marchandises vendues;6
6007;VENTEMENT DE TRAVAIL;6
60100;Matiéres premiéres et fournitu;6
60110;MATIERES PREMIERES CONSOMMEES;6
60111;MP CONSOMMEES BRIQUETERIE;6
60200;Autres approvisionnements BRIQ;6
60201;Autres approvisionnements REMO;6
60210;QUINCAILLERIE GENERALE;6
60212;CONSOMM FOURNIT. BUREAU;6
60213;CONSOM CARBUR LUBRIF;6
60214;CONSOMM PETIT OUTILLAGE;6
60215;PIECE DE RECHANGE CONSOMME;6
60300;Autres approvisionnements cons;6
60400;Achats d'études et de prestati;6
60500;Achats de matériels, équipemen;6
60501;ACHAT DE TRAVAUX;6
60700;ELECTRICITE CONSOMM;6
60701;VETEMENT DE TRAVAIL;6
60702;AUTRES FOURNITURES DIVERS;6
60710;PIECE DE RECHANGE CONSOMME;6
60711;CONSOM CARBUR LUBRIF;6
60712;FOURNIT BUREAU CONSOMM;6
60713;GAZ CONSOMM;6
60714;EAU CONSOMME;6
60715;QUINCAIL.ELECTRICI,ET OUTILL;6
60800;Frais accessoires d'achat;6
60900;Rabais, remises, ristournes ob;6
61100;Sous-traitances générale;6
61300;LOCATION IMMOBILIERE;6
61301;LOCATION MOBILIERE;6
61343;LOYER & CHARGE LOC MAT & OUTIL;6
61380;AUTRES PRESTATIONS DIVERS;6
61390;AUTRES LOCATIONS (PARKING...);6
614;Charges locatives et charges d;6
61400;Charges locatives et charges d;6
6141;Charges locatives;6
6142;Charges de coproprieté;6
615;Entretien, réparations et main;6
61500;Entretien, réparations et main;6
61580;ENTRETIEN BATIMENTS;6
61590;ENTRETIEN CONSTRUCTIONS;6
61600;Primes d'assurances;6
61601;ASSURANCE MULTIRISQUE;6
61602;CATASTROPHE NATURELLE;6
61603;AUTRES ASSURANCES;6
61700;Etudes et recherches;6
61800;Documentation et divers;6
61801;FRAIS D'ENREGESTREMENT;6
61802;FRAIS DE VISA;6
61803;FRAIS D'ABONNEMENT;6
62100;Personnel extérieur à l'entrep;6
62200;Rémunérations d'intermédiaires;6
62201;Rémunnérations d'intermédiares;6
6221;EAU, GAZ, ELECTRICITE;6
623;Publicité,publication,relation;6
62300;Publicité, publication, relati;6
62400;Transports de biens et transpo;6
62500;Déplacements, missions et réce;6
62600;Frais postaux et de télécommun;6
62610;TELEPHONE;6
62750;COMMISSIONS DIVERSES;6
62800;"Cotisations et divers ""Dons""";6
6281;COTISSATION PROFESSIONNEL;6
62810;COTISSATION PROFESSIONEL;6
63100;Rémunérations du personnel;6
63110;PRIME COTISABLES;6
63120;PRIME IMPOSABLES;6
63130;CONGE;6
63140;PRIME N/COT ET N/IMPS;6
63150;SOLSE DE TOUT COMPTES STC;6
63160;PRESALAIRE ALLOUACHE MHAMED;6
63500;Cotisations aux organismes soc;6
63501;COTISATIONS S.S. 26 %;6
63700;Autres charges sociales;6
63701;FORMATION PROFESSIONNELLE ET;6
63800;AUTRES CHARGES DE PERSONNEL;6
63802;INDEMNITES DE TRANSPORT;6
63820;PRESTATIONS N/IMP N/COTISABLES;6
63821;INDEMNITES SALAIRE UNIQUE;6
64200;T.A.P DUE;6
6421;TAP;6
64240;TAXE D APPRENTISSAGE;6
64241;TAXE DE FORMATION;6
64250;VIGNETTE AUTO;6
64500;Autres impots et taxes (hors i;6
64510;DROIT DE TIMBRE ET ENREGISTREM;6
64520;DROITS DE TIMBRE;6
64530;TAXE DE SEJOUR;6
64580;DROITS IMPOTS ET TAXE SUPERFIC;6
64581;TAXE POLLUTION;6
65100;Redevances pour concessions, b;6
65101;REDEVANCE CONCESSION GISEMENT;6
65600;Amendes et pénalités, subventi;6
6561;Amendes et pénalités;6
65610;COTISSATION ET DONS;6
6562;DONS;6
65620;DONS;6
65690;PENALITE ET AMENDES;6
657;Charges exceptionnelles de ges;6
65700;Charges exceptionnelles de ges;6
658;Autres charges de gestion cour;6
65860;charges des exerc anterieurs;6
65870;REPRISE DE PROD SUR EXE ANTIR;6
65890;AUTRES FRAIS DIVERS;6
66100;CHARGES D'INTERETS;6
66200;CHARGES D'INTERETS CMT;6
66600;PERTES DE CHANGES;6
67600;Charges sur exercice antérieur;6
68100;DOTATIONS AUX AMORTISS.REMORQU;6
68200;DOTATIONS AUX AMORTISS.BRIQUET;6
68590;P/SUR TAXE PRELEVEMENT ARGILE;6
69500;Impôts sur les bénéfices basés;6
70010;VENTES EN GROS IMPOSBALE;7
70100;VENTES PROD. FINIS EXONERE TVA;7
70101;VENTES DE PRODUITS IMPOSABLE;7
70110;VENTES BRIQUETERIE;7
70600;AUTRES PRESTATION SCE EXONERE;7
70601;AUTRES PRESTATION SCES IMPOSAB;7
70602;AUTRES PRESTATIONS SERVICE TPM;7
7061;PRESTATION EXONEREE;7
7062;PRESTATION IMPOSABLE;7
70900;RABAIS REMISES RISTOURNES ACC;7
72300;VARIATION DE STOCKS D'ENCOURS;7
72400;Variation de stocks de produit;7
75700;Produits exceptionnels sur opé;7
75710;PRODUIT EXCEPTIONEL ASSURANCE;7
75810;PRODUIT EXCEPTIONEL;7
75860;Rprises de charges sur exe ant;7
75890;AUTRE PRODUITS DIVERS;7
766;GAINS DE CHANGES;7
76600;Gains de change;7
76800;Autres produits financiers;7
77001;Produits sur exercices antérie;7
78100;Reprises d'exploitation sur pe;7
